page,text,text_x,text_y,font,font_size,rect_x,rect_y,rect_width,rect_height,stroke_color,fill_color,line_width
1,"",0.0,0.0,,0.0,,,,,,,
1,SCHOOL REPORT CARD,210.84,820.0,F1,15.0,,,,,,,
1,UDISE CODE,29.0,804.5,F1,7.5,27.0,802.5,81.15,11.5,0.66275 0.66275 0.66275 RG,0 g,0.01
1,33  12  01  01  401,110.15,804.5,F1,7.5,108.15,802.5,108.2,11.5,0.66275 0.66275 0.66275 RG,0 g,0.01
1,School Name,218.35,804.5,F1,7.5,216.35,802.5,81.15,11.5,0.66275 0.66275 0.66275 RG,0 g,0.01
1,CARMEL GARDEN MATRICULATION HIGHER SECONDARY SCHOOL,299.5,804.5,F1,7.5,297.5,802.5,270.5,11.5,0.66275 0.66275 0.66275 RG,0 g,0.01
1,State,29.0,793.0,F2,7.5,27.0,791.0,81.15,11.5,0.66275 0.66275 0.66275 RG,0 g,0.01
1,Tamilnadu,110.15,793.5,F2,7.0,108.15,791.0,108.2,11.5,0.66275 0.66275 0.66275 RG,0 g,0.5
1,District,218.35,793.0,F2,7.5,216.35,791.0,81.15,11.5,0.66275 0.66275 0.66275 RG,0 g,0.01
1,COIMBATORE,299.5,793.5,F2,7.0,297.5,791.0,108.2,11.5,0.66275 0.66275 0.66275 RG,0 g,0.5
1,Block,407.7,793.0,F2,7.5,405.7,791.0,54.1,11.5,0.66275 0.66275 0.66275 RG,0 g,0.01
1,COIMBATORE CITY,461.8,793.5,F2,7.0,459.8,791.0,108.2,11.5,0.66275 0.66275 0.66275 RG,0 g,0.5
1,Rural / Urban,29.0,781.5,F2,7.5,27.0,779.5,81.15,11.5,0.66275 0.66275 0.66275 RG,0 g,0.01
1,2-Urban,110.15,782.0,F2,7.0,108.15,779.5,108.2,11.5,0.66275 0.66275 0.66275 RG,0 g,0.5
1,Cluster,218.35,781.5,F2,7.5,216.35,779.5,81.15,11.5,0.66275 0.66275 0.66275 RG,0 g,0.01
1,CPS GANESHAPURAM,299.5,782.0,F2,7.0,297.5,779.5,270.5,11.5,0.66275 0.66275 0.66275 RG,0 g,0.5
1,Ward,29.0,770.0,F2,7.5,27.0,768.0,81.15,11.5,0.66275 0.66275 0.66275 RG,0 g,0.01
1,RACE COURSE - 26,110.15,770.5,F2,7.0,108.15,768.0,108.2,11.5,0.66275 0.66275 0.66275 RG,0 g,0.5
1,Mohalla,218.35,770.0,F2,7.5,216.35,768.0,81.15,11.5,0.66275 0.66275 0.66275 RG,0 g,0.01
1,Pincode,407.7,770.0,F2,7.5,405.7,768.0,54.1,11.5,0.66275 0.66275 0.66275 RG,0 g,0.01
1,641045,461.8,770.5,F2,7.0,459.8,768.0,108.2,11.5,0.66275 0.66275 0.66275 RG,0 g,0.5
1,Panchayat,29.0,758.5,F2,7.5,27.0,756.5,81.15,11.5,0.66275 0.66275 0.66275 RG,0 g,0.01
1,NA,110.15,759.0,F2,7.0,108.15,756.5,108.2,11.5,0.66275 0.66275 0.66275 RG,0 g,0.5
1,City,218.35,758.5,F2,7.5,216.35,756.5,81.15,11.5,0.66275 0.66275 0.66275 RG,0 g,0.01
1,Municipality,407.7,758.5,F2,7.5,405.7,756.5,54.1,11.5,0.66275 0.66275 0.66275 RG,0 g,0.01
1,Assembly Const.,29.0,747.0,F2,7.5,27.0,745.0,81.15,11.5,0.66275 0.66275 0.66275 RG,0 g,0.01
1,Parl. Constituency,218.35,747.0,F2,7.5,216.35,745.0,81.15,11.5,0.66275 0.66275 0.66275 RG,0 g,0.01
1,School Category,29.0,731.5,F2,7.5,27.0,729.5,134.25,11.5,0.66275 0.66275 0.66275 RG,0 g,0.01
1,3 - Pr. with Up.Pr. sec. and H.Sec.,163.25,732.0,F2,7.0,161.25,729.5,134.25,11.5,0.66275 0.66275 0.66275 RG,0 g,0.5
1,School Management,29.0,720.0,F2,7.5,27.0,718.0,134.25,11.5,0.66275 0.66275 0.66275 RG,0 g,0.01
1,5-Private Unaided \(Recognized\),163.25,720.5,F2,7.0,161.25,718.0,134.25,11.5,0.66275 0.66275 0.66275 RG,0 g,0.5
1,School Type,29.0,708.5,F2,7.5,27.0,706.5,134.25,11.5,0.66275 0.66275 0.66275 RG,0 g,0.01
1,3-Co-educational,163.25,709.0,F2,7.0,161.25,706.5,134.25,11.5,0.66275 0.66275 0.66275 RG,0 g,0.5
1,Lowest & Highest Class,29.0,697.0,F2,7.5,27.0,695.0,134.25,11.5,0.66275 0.66275 0.66275 RG,0 g,0.01
1,1  -   12,163.25,697.5,F2,7.0,161.25,695.0,134.25,11.5,0.66275 0.66275 0.66275 RG,0 g,0.5
1,Pre Primary,29.0,685.5,F2,7.5,27.0,683.5,134.25,11.5,0.66275 0.66275 0.66275 RG,0 g,0.01
1,1-Yes,163.25,686.0,F2,7.0,161.25,683.5,134.25,11.5,0.66275 0.66275 0.66275 RG,0 g,0.5
1,Medium of Instruction,338.8,732.0,F1,7.0,299.5,730.0,151.71,11.0,0.66275 0.66275 0.66275 RG,0 g,0.01
1,Medium 1,301.5,720.5,F2,7.5,299.5,718.5,75.86,11.5,0.66275 0.66275 0.66275 RG,0 g,0.01
1,19-English,377.36,721.0,F2,7.0,375.36,718.5,75.86,11.5,0.66275 0.66275 0.66275 RG,0 g,0.5
1,Medium 2,301.5,709.0,F2,7.5,299.5,707.0,75.86,11.5,0.66275 0.66275 0.66275 RG,0 g,0.01
1,Medium 3,301.5,697.5,F2,7.5,299.5,695.5,75.86,11.5,0.66275 0.66275 0.66275 RG,0 g,0.01
1,Medium 4,301.5,685.75,F2,7.5,299.5,683.5,75.86,12.0,0.66275 0.66275 0.66275 RG,0 g,0.01
1,Visit of school for / by,475.04,732.0,F1,7.0,455.21,730.0,112.79,11.0,0.66275 0.66275 0.66275 RG,0 g,0.01
1,Acad. Inspections,457.21,720.5,F2,7.5,455.21,718.5,80.56,11.5,0.66275 0.66275 0.66275 RG,0 g,0.01
1,0,562.11,721.0,F2,7.0,535.78,718.5,32.22,11.5,0.66275 0.66275 0.66275 RG,0 g,0.5
1,CRC Coordinator,457.21,709.0,F2,7.5,455.21,707.0,80.56,11.5,0.66275 0.66275 0.66275 RG,0 g,0.01
1,0,562.11,709.5,F2,7.0,535.78,707.0,32.22,11.5,0.66275 0.66275 0.66275 RG,0 g,0.5
1,Block Level Officers,457.21,697.5,F2,7.5,455.21,695.5,80.56,11.5,0.66275 0.66275 0.66275 RG,0 g,0.01
1,0,562.11,698.0,F2,7.0,535.78,695.5,32.22,11.5,0.66275 0.66275 0.66275 RG,0 g,0.5
1,State/District Officers,457.21,685.75,F2,7.5,455.21,683.5,80.56,12.0,0.66275 0.66275 0.66275 RG,0 g,0.01
1,0,562.11,686.5,F2,7.0,535.78,683.5,32.22,12.0,0.66275 0.66275 0.66275 RG,0 g,0.5
1,Year of Establishment,29.0,670.0,F2,7.5,27.0,668.0,140.0,11.5,0.66275 0.66275 0.66275 RG,0 g,0.01
1,1964,181.04,670.5,F2,7.0,167.0,668.0,31.61,11.5,0.66275 0.66275 0.66275 RG,0 g,0.5
1,Year of Recognition-Pri.,29.0,658.5,F2,7.5,27.0,656.5,140.0,11.5,0.66275 0.66275 0.66275 RG,0 g,0.01
1,1964,181.04,659.0,F2,7.0,167.0,656.5,31.61,11.5,0.66275 0.66275 0.66275 RG,0 g,0.5
1,Year of Recognition-Upr.Pri.,29.0,647.0,F2,7.5,27.0,645.0,140.0,11.5,0.66275 0.66275 0.66275 RG,0 g,0.01
1,1964,181.04,647.5,F2,7.0,167.0,645.0,31.61,11.5,0.66275 0.66275 0.66275 RG,0 g,0.5
1,Year of Recognition-Sec.,29.0,635.5,F2,7.5,27.0,633.5,140.0,11.5,0.66275 0.66275 0.66275 RG,0 g,0.01
1,1987,181.04,636.0,F2,7.0,167.0,633.5,31.61,11.5,0.66275 0.66275 0.66275 RG,0 g,0.5
1,Year of Recognition-Higher Sec.,29.0,624.0,F2,7.5,27.0,622.0,140.0,11.5,0.66275 0.66275 0.66275 RG,0 g,0.01
1,1987,181.04,624.5,F2,7.0,167.0,622.0,31.61,11.5,0.66275 0.66275 0.66275 RG,0 g,0.5
1,"",29.0,612.5,F2,7.5,27.0,610.5,171.61,11.5,0.66275 0.66275 0.66275 RG,0 g,0.01
1,Affiliation Board-Sec,29.0,594.25,F2,7.5,27.0,592.25,83.12,11.5,0.66275 0.66275 0.66275 RG,0 g,0.01
1,2-State Board,112.12,594.75,F2,7.0,110.12,592.25,88.49,11.5,0.66275 0.66275 0.66275 RG,0 g,0.5
1,Affiliation Board-HSec,29.0,582.75,F2,7.5,27.0,580.75,83.12,11.5,0.66275 0.66275 0.66275 RG,0 g,0.01
1,2-State Board,112.12,583.25,F2,7.0,110.12,580.75,88.49,11.5,0.66275 0.66275 0.66275 RG,0 g,0.5
1,Is this a Shift School?,204.61,670.0,F2,7.5,202.61,668.0,120.0,11.5,0.66275 0.66275 0.66275 RG,0 g,0.01
1,2-No,384.3,670.5,F2,7.0,322.61,668.0,78.86,11.5,0.66275 0.66275 0.66275 RG,0 g,0.5
1,Building Status,204.61,658.5,F2,7.5,202.61,656.5,60.12,11.5,0.66275 0.66275 0.66275 RG,0 g,0.01
1,2-Rented,370.68,659.0,F2,7.0,262.73,656.5,138.74,11.5,0.66275 0.66275 0.66275 RG,0 g,0.5
1,Boundary wall,204.61,647.0,F2,7.5,202.61,645.0,120.0,11.5,0.66275 0.66275 0.66275 RG,0 g,0.01
1,1-Pucca,373.8,647.5,F2,7.0,322.61,645.0,78.86,11.5,0.66275 0.66275 0.66275 RG,0 g,0.5
1,No.of Building Blocks,204.61,635.5,F2,7.5,202.61,633.5,120.0,11.5,0.66275 0.66275 0.66275 RG,0 g,0.01
1,3,395.58,636.0,F2,7.0,322.61,633.5,78.86,11.5,0.66275 0.66275 0.66275 RG,0 g,0.5
1,Pucca Building Blocks,204.61,624.0,F2,7.5,202.61,622.0,120.0,11.5,0.66275 0.66275 0.66275 RG,0 g,0.01
1,3,395.58,624.5,F2,7.0,322.61,622.0,78.86,11.5,0.66275 0.66275 0.66275 RG,0 g,0.5
1,Is Special School for CWSN?,204.61,612.5,F2,7.5,202.61,610.5,120.0,11.5,0.66275 0.66275 0.66275 RG,0 g,0.01
1,2-No,384.3,613.0,F2,7.0,322.61,610.5,78.86,11.5,0.66275 0.66275 0.66275 RG,0 g,0.5
1,Availability of Ramps,204.61,601.0,F2,7.5,202.61,599.0,120.0,11.5,0.66275 0.66275 0.66275 RG,0 g,0.01
1,1-Yes,381.19,601.5,F2,7.0,322.61,599.0,78.86,11.5,0.66275 0.66275 0.66275 RG,0 g,0.5
1,Availability of Handrails,204.61,582.75,F2,7.5,202.61,574.0,120.0,25.0,0.66275 0.66275 0.66275 RG,0 g,0.01
1,1-Yes,381.19,590.0,F2,7.0,322.61,574.0,78.86,25.0,0.66275 0.66275 0.66275 RG,0 g,0.5
1,Anganwadi At Premises,407.47,670.0,F2,7.5,405.47,668.0,129.28,11.5,0.66275 0.66275 0.66275 RG,0 g,0.01
1,NA,556.28,670.5,F2,7.0,534.76,668.0,33.24,11.5,0.66275 0.66275 0.66275 RG,0 g,0.5
1,Anganwadi Boys,407.47,658.5,F2,7.5,405.47,656.5,129.28,11.5,0.66275 0.66275 0.66275 RG,0 g,0.01
1,0,562.11,659.0,F2,7.0,534.76,656.5,33.24,11.5,0.66275 0.66275 0.66275 RG,0 g,0.5
1,Anganwadi Girls,407.47,647.0,F2,7.5,405.47,645.0,129.28,11.5,0.66275 0.66275 0.66275 RG,0 g,0.01
1,0,562.11,647.5,F2,7.0,534.76,645.0,33.24,11.5,0.66275 0.66275 0.66275 RG,0 g,0.5
1,Anganwadi Worker,407.47,635.5,F2,7.5,405.47,633.5,129.28,11.5,0.66275 0.66275 0.66275 RG,0 g,0.01
1,NA,556.28,636.0,F2,7.0,534.76,633.5,33.24,11.5,0.66275 0.66275 0.66275 RG,0 g,0.5
1,Residential School,407.47,617.25,F2,7.5,405.47,608.5,129.28,25.0,0.66275 0.66275 0.66275 RG,0 g,0.01
1,3 - Non- Residenti al,540.72,624.5,F2,7.0,534.76,608.5,33.24,25.0,0.66275 0.66275 0.66275 RG,0 g,0.5
1,Residential Type,407.47,599.0,F2,7.5,405.47,597.0,72.23,11.5,0.66275 0.66275 0.66275 RG,0 g,0.01
1,Minority School,407.47,587.5,F2,7.5,405.47,585.5,129.28,11.5,0.66275 0.66275 0.66275 RG,0 g,0.01
1,1-Yes,547.72,588.0,F2,7.0,534.76,585.5,33.24,11.5,0.66275 0.66275 0.66275 RG,0 g,0.5
1,Approachable By All Weather Road,407.47,576.0,F2,7.5,405.47,574.0,129.28,11.5,0.66275 0.66275 0.66275 RG,0 g,0.01
1,1-Yes,547.72,576.5,F2,7.0,534.76,574.0,33.24,11.5,0.66275 0.66275 0.66275 RG,0 g,0.5
1,Toilets,72.92,561.0,F1,7.0,27.0,559.0,114.41,11.0,0.66275 0.66275 0.66275 RG,0 g,0.01
1,Boys,147.15,561.0,F1,7.0,141.41,559.0,28.6,11.0,0.66275 0.66275 0.66275 RG,0 g,0.01
1,Girls,176.33,561.0,F1,7.0,170.01,559.0,28.6,11.0,0.66275 0.66275 0.66275 RG,0 g,0.01
1,Total\(Excluding CWSN\),29.0,549.5,F2,7.5,27.0,547.5,114.41,11.5,0.66275 0.66275 0.66275 RG,0 g,0.01
1,61,160.23,550.0,F2,7.0,141.41,547.5,28.6,11.5,0.66275 0.66275 0.66275 RG,0 g,0.5
1,13,188.83,550.0,F2,7.0,170.01,547.5,28.6,11.5,0.66275 0.66275 0.66275 RG,0 g,0.5
1,Functional,29.0,538.0,F2,7.5,27.0,536.0,114.41,11.5,0.66275 0.66275 0.66275 RG,0 g,0.01
1,55,160.23,538.5,F2,7.0,141.41,536.0,28.6,11.5,0.66275 0.66275 0.66275 RG,0 g,0.5
1,12,188.83,538.5,F2,7.0,170.01,536.0,28.6,11.5,0.66275 0.66275 0.66275 RG,0 g,0.5
1,Func. CWSN Friendly,29.0,526.5,F2,7.5,27.0,524.5,114.41,11.5,0.66275 0.66275 0.66275 RG,0 g,0.01
1,25,160.23,527.0,F2,7.0,141.41,524.5,28.6,11.5,0.66275 0.66275 0.66275 RG,0 g,0.5
1,4,192.72,527.0,F2,7.0,170.01,524.5,28.6,11.5,0.66275 0.66275 0.66275 RG,0 g,0.5
1,Urinal,29.0,515.0,F2,7.5,27.0,513.0,114.41,11.5,0.66275 0.66275 0.66275 RG,0 g,0.01
1,165,156.33,515.5,F2,7.0,141.41,513.0,28.6,11.5,0.66275 0.66275 0.66275 RG,0 g,0.5
1,24,188.83,515.5,F2,7.0,170.01,513.0,28.6,11.5,0.66275 0.66275 0.66275 RG,0 g,0.5
1,Handwash Near Toilet,29.0,503.5,F2,7.5,27.0,501.5,114.41,11.5,0.66275 0.66275 0.66275 RG,0 g,0.01
1,1-Yes,178.33,504.0,F2,7.0,141.41,501.5,57.2,11.5,0.66275 0.66275 0.66275 RG,0 g,0.5
1,Handwash Facility for Meal,29.0,492.0,F2,7.5,27.0,490.0,114.41,11.5,0.66275 0.66275 0.66275 RG,0 g,0.01
1,1-Yes,178.33,492.5,F2,7.0,141.41,490.0,57.2,11.5,0.66275 0.66275 0.66275 RG,0 g,0.5
1,Total Class Rooms,204.61,560.5,F1,7.5,202.61,558.5,121.83,11.5,0.66275 0.66275 0.66275 RG,0 g,0.01
1,59,394.16,560.5,F1,7.5,324.44,558.5,80.06,11.5,0.66275 0.66275 0.66275 RG,0 g,0.01
1,In Good Condition,204.61,549.0,F2,7.5,202.61,547.0,121.83,11.5,0.66275 0.66275 0.66275 RG,0 g,0.01
1,59,394.72,549.5,F2,7.0,324.44,547.0,80.06,11.5,0.66275 0.66275 0.66275 RG,0 g,0.5
1,Needs Minor Repair,204.61,537.5,F2,7.5,202.61,535.5,121.83,11.5,0.66275 0.66275 0.66275 RG,0 g,0.01
1,0,398.61,538.0,F2,7.0,324.44,535.5,80.06,11.5,0.66275 0.66275 0.66275 RG,0 g,0.5
1,Needs Major Repair,204.61,526.0,F2,7.5,202.61,524.0,121.83,11.5,0.66275 0.66275 0.66275 RG,0 g,0.01
1,0,398.61,526.5,F2,7.0,324.44,524.0,80.06,11.5,0.66275 0.66275 0.66275 RG,0 g,0.5
1,"",204.61,514.5,F2,7.5,202.61,512.5,201.89,11.5,0.66275 0.66275 0.66275 RG,0 g,0.01
1,Other Rooms,204.61,503.0,F2,7.5,202.61,501.0,121.83,11.5,0.66275 0.66275 0.66275 RG,0 g,0.01
1,7,398.61,503.5,F2,7.0,324.44,501.0,80.06,11.5,0.66275 0.66275 0.66275 RG,0 g,0.5
1,Library Availability,204.61,491.5,F2,7.5,202.61,489.5,121.83,11.5,0.66275 0.66275 0.66275 RG,0 g,0.01
1,1-Yes,384.22,492.0,F2,7.0,324.44,489.5,80.06,11.5,0.66275 0.66275 0.66275 RG,0 g,0.5
1,Separate Room for HM,204.61,480.0,F2,7.5,202.61,478.0,121.83,11.5,0.66275 0.66275 0.66275 RG,0 g,0.01
1,1-Yes,384.22,480.5,F2,7.0,324.44,478.0,80.06,11.5,0.66275 0.66275 0.66275 RG,0 g,0.5
1,Drinking Water Available,410.5,560.5,F2,7.5,408.5,558.5,126.88,11.5,0.66275 0.66275 0.66275 RG,0 g,0.01
1,1-Yes,547.72,561.0,F2,7.0,535.38,558.5,32.63,11.5,0.66275 0.66275 0.66275 RG,0 g,0.5
1,Drinking Water Functional,410.5,549.0,F2,7.5,408.5,547.0,126.88,11.5,0.66275 0.66275 0.66275 RG,0 g,0.01
1,1-Yes,547.72,549.5,F2,7.0,535.38,547.0,32.63,11.5,0.66275 0.66275 0.66275 RG,0 g,0.5
1,Rain Water Harvesting,410.5,537.5,F2,7.5,408.5,535.5,126.88,11.5,0.66275 0.66275 0.66275 RG,0 g,0.01
1,1-Yes,547.72,538.0,F2,7.0,535.38,535.5,32.63,11.5,0.66275 0.66275 0.66275 RG,0 g,0.5
1,Playground Available,410.5,526.0,F2,7.5,408.5,524.0,126.88,11.5,0.66275 0.66275 0.66275 RG,0 g,0.01
1,1-Yes,547.72,526.5,F2,7.0,535.38,524.0,32.63,11.5,0.66275 0.66275 0.66275 RG,0 g,0.5
1,Furniture Availability,410.5,514.5,F2,7.5,408.5,512.5,126.88,11.5,0.66275 0.66275 0.66275 RG,0 g,0.01
1,2118,550.43,515.0,F2,7.0,535.38,512.5,32.63,11.5,0.66275 0.66275 0.66275 RG,0 g,0.5
1,Electricity Availability,410.5,503.0,F2,7.5,408.5,501.0,93.62,11.5,0.66275 0.66275 0.66275 RG,0 g,0.01
1,1-Yes,504.12,503.5,F2,7.0,502.12,501.0,65.88,11.5,0.66275 0.66275 0.66275 RG,0 g,0.5
1,Solar Panel,410.5,491.5,F2,7.5,408.5,489.5,126.88,11.5,0.66275 0.66275 0.66275 RG,0 g,0.01
1,2-No,550.83,492.0,F2,7.0,535.38,489.5,32.63,11.5,0.66275 0.66275 0.66275 RG,0 g,0.5
1,Medical checkups,410.5,480.0,F2,7.5,408.5,478.0,126.88,11.5,0.66275 0.66275 0.66275 RG,0 g,0.01
1,1-Yes,547.72,480.5,F2,7.0,535.38,478.0,32.63,11.5,0.66275 0.66275 0.66275 RG,0 g,0.5
1,Digital Facilities \(Functional\),133.07,465.0,F1,7.0,27.0,463.0,307.43,11.0,0.66275 0.66275 0.66275 RG,0 g,0.01
1,ICT Lab,29.0,453.5,F2,7.5,27.0,451.5,76.86,11.5,0.66275 0.66275 0.66275 RG,0 g,0.01
1,2-No,112.31,454.0,F2,7.0,103.86,451.5,25.62,11.5,0.66275 0.66275 0.66275 RG,0 g,0.5
1,Internet,131.48,453.5,F2,7.5,129.48,451.5,76.86,11.5,0.66275 0.66275 0.66275 RG,0 g,0.01
1,1-Yes,211.67,454.0,F2,7.0,206.33,451.5,25.62,11.5,0.66275 0.66275 0.66275 RG,0 g,0.5
1,Desktop,233.95,453.5,F2,7.5,231.95,451.5,76.86,11.5,0.66275 0.66275 0.66275 RG,0 g,0.01
1,27,324.64,454.0,F2,7.0,308.81,451.5,25.62,11.5,0.66275 0.66275 0.66275 RG,0 g,0.5
1,Laptop,29.0,442.0,F2,7.5,27.0,440.0,76.86,11.5,0.66275 0.66275 0.66275 RG,0 g,0.01
1,1,123.58,442.5,F2,7.0,103.86,440.0,25.62,11.5,0.66275 0.66275 0.66275 RG,0 g,0.5
1,Tablet,131.48,442.0,F2,7.5,129.48,440.0,76.86,11.5,0.66275 0.66275 0.66275 RG,0 g,0.01
1,0,226.06,442.5,F2,7.0,206.33,440.0,25.62,11.5,0.66275 0.66275 0.66275 RG,0 g,0.5
1,Printer,233.95,442.0,F2,7.5,231.95,440.0,76.86,11.5,0.66275 0.66275 0.66275 RG,0 g,0.01
1,0,328.54,442.5,F2,7.0,308.81,440.0,25.62,11.5,0.66275 0.66275 0.66275 RG,0 g,0.5
1,Projector,29.0,430.25,F2,7.5,27.0,428.0,76.86,12.0,0.66275 0.66275 0.66275 RG,0 g,0.01
1,1,123.58,431.0,F2,7.0,103.86,428.0,25.62,12.0,0.66275 0.66275 0.66275 RG,0 g,0.5
1,DTH,131.48,430.25,F2,7.5,129.48,428.0,76.86,12.0,0.66275 0.66275 0.66275 RG,0 g,0.01
1,2-No,214.78,431.0,F2,7.0,206.33,428.0,25.62,12.0,0.66275 0.66275 0.66275 RG,0 g,0.5
1,DigiBoard,233.95,430.25,F2,7.5,231.95,428.0,76.86,12.0,0.66275 0.66275 0.66275 RG,0 g,0.01
1,24,324.64,431.0,F2,7.0,308.81,428.0,25.62,12.0,0.66275 0.66275 0.66275 RG,0 g,0.5
1,"No.of Students Received \(DCF 5.1 , 5.2\)",346.35,464.75,F1,7.0,338.43,462.5,146.53,11.5,0.66275 0.66275 0.66275 RG,0 g,0.01
1,Primary,486.96,464.5,F2,7.5,484.96,462.5,39.08,11.5,0.66275 0.66275 0.66275 RG,0 g,0.01
1,Up.Primary,526.04,464.5,F2,7.5,524.04,462.5,43.96,11.5,0.66275 0.66275 0.66275 RG,0 g,0.01
1,Free text books,340.43,453.0,F2,7.5,338.43,451.0,146.53,11.5,0.66275 0.66275 0.66275 RG,0 g,0.01
1,0,518.15,453.5,F2,7.0,484.96,451.0,39.08,11.5,0.66275 0.66275 0.66275 RG,0 g,0.5
1,0,562.11,453.5,F2,7.0,524.04,451.0,43.96,11.5,0.66275 0.66275 0.66275 RG,0 g,0.5
1,Transport,340.43,441.5,F2,7.5,338.43,439.5,146.53,11.5,0.66275 0.66275 0.66275 RG,0 g,0.01
1,0,518.15,442.0,F2,7.0,484.96,439.5,39.08,11.5,0.66275 0.66275 0.66275 RG,0 g,0.5
1,0,562.11,442.0,F2,7.0,524.04,439.5,43.96,11.5,0.66275 0.66275 0.66275 RG,0 g,0.5
1,Free uniform,340.43,430.0,F2,7.5,338.43,428.0,146.53,11.5,0.66275 0.66275 0.66275 RG,0 g,0.01
1,0,518.15,430.5,F2,7.0,484.96,428.0,39.08,11.5,0.66275 0.66275 0.66275 RG,0 g,0.5
1,0,562.11,430.5,F2,7.0,524.04,428.0,43.96,11.5,0.66275 0.66275 0.66275 RG,0 g,0.5
1,SMC & SMDC Information,157.4,415.0,F1,7.0,27.0,413.0,346.36,11.0,0.66275 0.66275 0.66275 RG,0 g,0.01
1,SMC Exists,29.0,403.5,F2,7.5,27.0,401.5,85.79,11.5,0.66275 0.66275 0.66275 RG,0 g,0.01
1,SMC & SMDC Same,146.57,403.5,F2,7.5,144.57,401.5,85.79,11.5,0.66275 0.66275 0.66275 RG,0 g,0.01
1,NA,250.42,404.0,F2,7.0,230.37,401.5,31.78,11.5,0.66275 0.66275 0.66275 RG,0 g,0.5
1,SMDC Constituted,264.14,403.5,F2,7.5,262.14,401.5,79.44,11.5,0.66275 0.66275 0.66275 RG,0 g,0.01
1,Text Books Received,29.0,392.0,F2,7.5,27.0,390.0,85.79,11.5,0.66275 0.66275 0.66275 RG,0 g,0.01
1,Special Training,146.57,392.0,F2,7.5,144.57,390.0,85.79,11.5,0.66275 0.66275 0.66275 RG,0 g,0.01
1,Material for Training,264.14,392.0,F2,7.5,262.14,390.0,79.44,11.5,0.66275 0.66275 0.66275 RG,0 g,0.01
1,Grants Details under Samagra Shiksha \(DCF Sl. No.  8.3\),106.43,381.0,F1,7.0,27.0,379.0,346.36,11.0,0.66275 0.66275 0.66275 RG,0 g,0.01
1,Grants Receipt,29.0,369.0,F2,7.5,27.0,367.0,64.82,11.5,0.66275 0.66275 0.66275 RG,0 g,0.01
1,0.0,181.36,369.5,F2,7.0,91.82,367.0,101.27,11.5,0.66275 0.66275 0.66275 RG,0 g,0.5
1,Grants Expenditure,195.09,369.0,F2,7.5,193.09,367.0,78.99,11.5,0.66275 0.66275 0.66275 RG,0 g,0.01
1,0.0,361.63,369.5,F2,7.0,272.08,367.0,101.27,11.5,0.66275 0.66275 0.66275 RG,0 g,0.5
1,Indicators,401.48,414.75,F1,7.0,377.36,412.5,81.7,11.5,0.66275 0.66275 0.66275 RG,0 g,0.01
1,Pri.,461.06,414.5,F2,7.5,459.06,412.5,27.23,11.5,0.66275 0.66275 0.66275 RG,0 g,0.01
1,Up.Pri,488.3,414.5,F2,7.5,486.3,412.5,27.23,11.5,0.66275 0.66275 0.66275 RG,0 g,0.01
1,Sec.,515.53,414.5,F2,7.5,513.53,412.5,27.23,11.5,0.66275 0.66275 0.66275 RG,0 g,0.01
1,H.Sec,542.77,414.5,F2,7.5,540.77,412.5,27.23,11.5,0.66275 0.66275 0.66275 RG,0 g,0.01
1,Instructional days,379.36,403.0,F2,7.5,377.36,401.0,81.7,11.5,0.66275 0.66275 0.66275 RG,0 g,0.01
1,210,472.62,403.5,F2,7.0,459.06,401.0,27.23,11.5,0.66275 0.66275 0.66275 RG,0 g,0.5
1,0,507.64,403.5,F2,7.0,486.3,401.0,27.23,11.5,0.66275 0.66275 0.66275 RG,0 g,0.5
1,169,527.09,403.5,F2,7.0,513.53,401.0,27.23,11.5,0.66275 0.66275 0.66275 RG,0 g,0.5
1,165,554.32,403.5,F2,7.0,540.77,401.0,27.23,11.5,0.66275 0.66275 0.66275 RG,0 g,0.5
1,Avg.School hrs.Std.,379.36,391.5,F2,7.5,377.36,389.5,81.7,11.5,0.66275 0.66275 0.66275 RG,0 g,0.01
1,6.0,474.57,392.0,F2,7.0,459.06,389.5,27.23,11.5,0.66275 0.66275 0.66275 RG,0 g,0.5
1,6.0,501.8,392.0,F2,7.0,486.3,389.5,27.23,11.5,0.66275 0.66275 0.66275 RG,0 g,0.5
1,7.0,529.04,392.0,F2,7.0,513.53,389.5,27.23,11.5,0.66275 0.66275 0.66275 RG,0 g,0.5
1,7.0,556.27,392.0,F2,7.0,540.77,389.5,27.23,11.5,0.66275 0.66275 0.66275 RG,0 g,0.5
1,Avg.School hrs.Tch.,379.36,380.0,F2,7.5,377.36,378.0,81.7,11.5,0.66275 0.66275 0.66275 RG,0 g,0.01
1,8.0,474.57,380.5,F2,7.0,459.06,378.0,27.23,11.5,0.66275 0.66275 0.66275 RG,0 g,0.5
1,8.0,501.8,380.5,F2,7.0,486.3,378.0,27.23,11.5,0.66275 0.66275 0.66275 RG,0 g,0.5
1,8.0,529.04,380.5,F2,7.0,513.53,378.0,27.23,11.5,0.66275 0.66275 0.66275 RG,0 g,0.5
1,8.0,556.27,380.5,F2,7.0,540.77,378.0,27.23,11.5,0.66275 0.66275 0.66275 RG,0 g,0.5
1,CCE,379.36,368.5,F2,7.5,377.36,366.5,81.7,11.5,0.66275 0.66275 0.66275 RG,0 g,0.01
1,1-Yes,466.01,369.0,F2,7.0,459.06,366.5,27.23,11.5,0.66275 0.66275 0.66275 RG,0 g,0.5
1,1-Yes,493.25,369.0,F2,7.0,486.3,366.5,27.23,11.5,0.66275 0.66275 0.66275 RG,0 g,0.5
1,1-Yes,520.48,369.0,F2,7.0,513.53,366.5,27.23,11.5,0.66275 0.66275 0.66275 RG,0 g,0.5
1,1-Yes,547.72,369.0,F2,7.0,540.77,366.5,27.23,11.5,0.66275 0.66275 0.66275 RG,0 g,0.5
1,Total no. of Students Enrolled Under Section 12 of the RTE Act In Private Unaided and Specified Category Schools \(DCF Sl. No. 1.42\(a\)\),72.67,353.5,F1,7.0,27.0,351.5,541.0,11.0,0.66275 0.66275 0.66275 RG,0 g,0.01
1,Pre-Pri.,43.5,341.5,F2,8.0,27.0,339.5,60.11,12.0,0.66275 0.66275 0.66275 RG,0 g,0.01
1,Class I,104.94,341.5,F2,8.0,87.11,339.5,60.11,12.0,0.66275 0.66275 0.66275 RG,0 g,0.01
1,Class II,163.94,341.5,F2,8.0,147.22,339.5,60.11,12.0,0.66275 0.66275 0.66275 RG,0 g,0.01
1,Class III,222.94,341.5,F2,8.0,207.33,339.5,60.11,12.0,0.66275 0.66275 0.66275 RG,0 g,0.01
1,Class IV,282.61,341.5,F2,8.0,267.44,339.5,60.11,12.0,0.66275 0.66275 0.66275 RG,0 g,0.01
1,Class V,343.83,341.5,F2,8.0,327.56,339.5,60.11,12.0,0.66275 0.66275 0.66275 RG,0 g,0.01
1,Class VI,402.83,341.5,F2,8.0,387.67,339.5,60.11,12.0,0.66275 0.66275 0.66275 RG,0 g,0.01
1,Class VII,461.83,341.5,F2,8.0,447.78,339.5,60.11,12.0,0.66275 0.66275 0.66275 RG,0 g,0.01
1,Class VIII,520.83,341.5,F2,8.0,507.89,339.5,60.11,12.0,0.66275 0.66275 0.66275 RG,0 g,0.01
1,B,39.36,329.5,F2,8.0,27.0,327.5,30.06,12.0,0.66275 0.66275 0.66275 RG,0 g,0.01
1,G,68.97,329.5,F2,8.0,57.06,327.5,30.06,12.0,0.66275 0.66275 0.66275 RG,0 g,0.01
1,B,99.47,329.5,F2,8.0,87.11,327.5,30.06,12.0,0.66275 0.66275 0.66275 RG,0 g,0.01
1,G,129.08,329.5,F2,8.0,117.17,327.5,30.06,12.0,0.66275 0.66275 0.66275 RG,0 g,0.01
1,B,159.58,329.5,F2,8.0,147.22,327.5,30.06,12.0,0.66275 0.66275 0.66275 RG,0 g,0.01
1,G,189.19,329.5,F2,8.0,177.28,327.5,30.06,12.0,0.66275 0.66275 0.66275 RG,0 g,0.01
1,B,219.69,329.5,F2,8.0,207.33,327.5,30.06,12.0,0.66275 0.66275 0.66275 RG,0 g,0.01
1,G,249.3,329.5,F2,8.0,237.39,327.5,30.06,12.0,0.66275 0.66275 0.66275 RG,0 g,0.01
1,B,279.8,329.5,F2,8.0,267.44,327.5,30.06,12.0,0.66275 0.66275 0.66275 RG,0 g,0.01
1,G,309.42,329.5,F2,8.0,297.5,327.5,30.06,12.0,0.66275 0.66275 0.66275 RG,0 g,0.01
1,B,339.92,329.5,F2,8.0,327.56,327.5,30.06,12.0,0.66275 0.66275 0.66275 RG,0 g,0.01
1,G,369.53,329.5,F2,8.0,357.61,327.5,30.06,12.0,0.66275 0.66275 0.66275 RG,0 g,0.01
1,B,400.03,329.5,F2,8.0,387.67,327.5,30.06,12.0,0.66275 0.66275 0.66275 RG,0 g,0.01
1,G,429.64,329.5,F2,8.0,417.72,327.5,30.06,12.0,0.66275 0.66275 0.66275 RG,0 g,0.01
1,B,460.14,329.5,F2,8.0,447.78,327.5,30.06,12.0,0.66275 0.66275 0.66275 RG,0 g,0.01
1,G,489.75,329.5,F2,8.0,477.83,327.5,30.06,12.0,0.66275 0.66275 0.66275 RG,0 g,0.01
1,B,520.25,329.5,F2,8.0,507.89,327.5,30.06,12.0,0.66275 0.66275 0.66275 RG,0 g,0.01
1,G,549.86,329.5,F2,8.0,537.94,327.5,30.06,12.0,0.66275 0.66275 0.66275 RG,0 g,0.01
1,-,52.72,318.5,F2,7.0,27.0,316.5,30.06,11.0,0.66275 0.66275 0.66275 RG,0 g,0.5
1,-,82.78,318.5,F2,7.0,57.06,316.5,30.06,11.0,0.66275 0.66275 0.66275 RG,0 g,0.5
1,-,112.84,318.5,F2,7.0,87.11,316.5,30.06,11.0,0.66275 0.66275 0.66275 RG,0 g,0.5
1,-,142.89,318.5,F2,7.0,117.17,316.5,30.06,11.0,0.66275 0.66275 0.66275 RG,0 g,0.5
1,-,172.95,318.5,F2,7.0,147.22,316.5,30.06,11.0,0.66275 0.66275 0.66275 RG,0 g,0.5
1,-,203.0,318.5,F2,7.0,177.28,316.5,30.06,11.0,0.66275 0.66275 0.66275 RG,0 g,0.5
1,-,233.06,318.5,F2,7.0,207.33,316.5,30.06,11.0,0.66275 0.66275 0.66275 RG,0 g,0.5
1,-,263.11,318.5,F2,7.0,237.39,316.5,30.06,11.0,0.66275 0.66275 0.66275 RG,0 g,0.5
1,-,293.17,318.5,F2,7.0,267.44,316.5,30.06,11.0,0.66275 0.66275 0.66275 RG,0 g,0.5
1,-,323.22,318.5,F2,7.0,297.5,316.5,30.06,11.0,0.66275 0.66275 0.66275 RG,0 g,0.5
1,-,353.28,318.5,F2,7.0,327.56,316.5,30.06,11.0,0.66275 0.66275 0.66275 RG,0 g,0.5
1,-,383.34,318.5,F2,7.0,357.61,316.5,30.06,11.0,0.66275 0.66275 0.66275 RG,0 g,0.5
1,-,413.39,318.5,F2,7.0,387.67,316.5,30.06,11.0,0.66275 0.66275 0.66275 RG,0 g,0.5
1,-,443.45,318.5,F2,7.0,417.72,316.5,30.06,11.0,0.66275 0.66275 0.66275 RG,0 g,0.5
1,-,473.5,318.5,F2,7.0,447.78,316.5,30.06,11.0,0.66275 0.66275 0.66275 RG,0 g,0.5
1,-,503.56,318.5,F2,7.0,477.83,316.5,30.06,11.0,0.66275 0.66275 0.66275 RG,0 g,0.5
1,-,533.61,318.5,F2,7.0,507.89,316.5,30.06,11.0,0.66275 0.66275 0.66275 RG,0 g,0.5
1,-,563.67,318.5,F2,7.0,537.94,316.5,30.06,11.0,0.66275 0.66275 0.66275 RG,0 g,0.5
1,Total no. of Economically Weaker Section*\(EWS\) students Enrolled in Schools \(DCF Sl. No. 1.42\(b\)\),132.58,303.5,F1,7.0,27.0,301.5,541.0,11.0,0.66275 0.66275 0.66275 RG,0 g,0.01
1,Pre-Pri.,38.96,291.5,F2,8.0,27.0,289.5,51.04,12.0,0.66275 0.66275 0.66275 RG,0 g,0.01
1,Class I,86.23,291.5,F2,8.0,78.04,289.5,40.83,12.0,0.66275 0.66275 0.66275 RG,0 g,0.01
1,Class II,125.95,291.5,F2,8.0,118.87,289.5,40.83,12.0,0.66275 0.66275 0.66275 RG,0 g,0.01
1,Class III,165.67,291.5,F2,8.0,159.7,289.5,40.83,12.0,0.66275 0.66275 0.66275 RG,0 g,0.01
1,Class IV,206.05,291.5,F2,8.0,200.53,289.5,40.83,12.0,0.66275 0.66275 0.66275 RG,0 g,0.01
1,Class V,247.99,291.5,F2,8.0,241.36,289.5,40.83,12.0,0.66275 0.66275 0.66275 RG,0 g,0.01
1,Class VI,287.71,291.5,F2,8.0,282.19,289.5,40.83,12.0,0.66275 0.66275 0.66275 RG,0 g,0.01
1,Class VII,327.43,291.5,F2,8.0,323.02,289.5,40.83,12.0,0.66275 0.66275 0.66275 RG,0 g,0.01
1,Class VIII,367.15,291.5,F2,8.0,363.85,289.5,40.83,12.0,0.66275 0.66275 0.66275 RG,0 g,0.01
1,Class IX,410.2,291.5,F2,8.0,404.68,289.5,40.83,12.0,0.66275 0.66275 0.66275 RG,0 g,0.01
1,Class X,452.14,291.5,F2,8.0,445.51,289.5,40.83,12.0,0.66275 0.66275 0.66275 RG,0 g,0.01
1,Class XI,491.86,291.5,F2,8.0,486.34,289.5,40.83,12.0,0.66275 0.66275 0.66275 RG,0 g,0.01
1,Class XII,531.58,291.5,F2,8.0,527.17,289.5,40.83,12.0,0.66275 0.66275 0.66275 RG,0 g,0.01
1,B,39.64,279.5,F2,8.0,27.0,277.5,30.62,12.0,0.66275 0.66275 0.66275 RG,0 g,0.01
1,G,64.72,279.5,F2,8.0,57.62,277.5,20.42,12.0,0.66275 0.66275 0.66275 RG,0 g,0.01
1,B,85.58,279.5,F2,8.0,78.04,277.5,20.42,12.0,0.66275 0.66275 0.66275 RG,0 g,0.01
1,G,105.55,279.5,F2,8.0,98.45,277.5,20.42,12.0,0.66275 0.66275 0.66275 RG,0 g,0.01
1,B,126.41,279.5,F2,8.0,118.87,277.5,20.42,12.0,0.66275 0.66275 0.66275 RG,0 g,0.01
1,G,146.38,279.5,F2,8.0,139.28,277.5,20.42,12.0,0.66275 0.66275 0.66275 RG,0 g,0.01
1,B,167.24,279.5,F2,8.0,159.7,277.5,20.42,12.0,0.66275 0.66275 0.66275 RG,0 g,0.01
1,G,187.21,279.5,F2,8.0,180.11,277.5,20.42,12.0,0.66275 0.66275 0.66275 RG,0 g,0.01
1,B,208.07,279.5,F2,8.0,200.53,277.5,20.42,12.0,0.66275 0.66275 0.66275 RG,0 g,0.01
1,G,228.04,279.5,F2,8.0,220.94,277.5,20.42,12.0,0.66275 0.66275 0.66275 RG,0 g,0.01
1,B,248.9,279.5,F2,8.0,241.36,277.5,20.42,12.0,0.66275 0.66275 0.66275 RG,0 g,0.01
1,G,268.87,279.5,F2,8.0,261.77,277.5,20.42,12.0,0.66275 0.66275 0.66275 RG,0 g,0.01
1,B,289.73,279.5,F2,8.0,282.19,277.5,20.42,12.0,0.66275 0.66275 0.66275 RG,0 g,0.01
1,G,309.7,279.5,F2,8.0,302.6,277.5,20.42,12.0,0.66275 0.66275 0.66275 RG,0 g,0.01
1,B,330.56,279.5,F2,8.0,323.02,277.5,20.42,12.0,0.66275 0.66275 0.66275 RG,0 g,0.01
1,G,350.53,279.5,F2,8.0,343.43,277.5,20.42,12.0,0.66275 0.66275 0.66275 RG,0 g,0.01
1,B,371.39,279.5,F2,8.0,363.85,277.5,20.42,12.0,0.66275 0.66275 0.66275 RG,0 g,0.01
1,G,391.36,279.5,F2,8.0,384.26,277.5,20.42,12.0,0.66275 0.66275 0.66275 RG,0 g,0.01
1,B,412.22,279.5,F2,8.0,404.68,277.5,20.42,12.0,0.66275 0.66275 0.66275 RG,0 g,0.01
1,G,432.19,279.5,F2,8.0,425.09,277.5,20.42,12.0,0.66275 0.66275 0.66275 RG,0 g,0.01
1,B,453.05,279.5,F2,8.0,445.51,277.5,20.42,12.0,0.66275 0.66275 0.66275 RG,0 g,0.01
1,G,473.02,279.5,F2,8.0,465.92,277.5,20.42,12.0,0.66275 0.66275 0.66275 RG,0 g,0.01
1,B,493.88,279.5,F2,8.0,486.34,277.5,20.42,12.0,0.66275 0.66275 0.66275 RG,0 g,0.01
1,G,513.85,279.5,F2,8.0,506.75,277.5,20.42,12.0,0.66275 0.66275 0.66275 RG,0 g,0.01
1,B,534.71,279.5,F2,8.0,527.17,277.5,20.42,12.0,0.66275 0.66275 0.66275 RG,0 g,0.01
1,G,554.68,279.5,F2,8.0,547.58,277.5,20.42,12.0,0.66275 0.66275 0.66275 RG,0 g,0.01
1,-,53.29,268.5,F2,7.0,27.0,266.5,30.62,11.0,0.66275 0.66275 0.66275 RG,0 g,0.5
1,-,73.71,268.5,F2,7.0,57.62,266.5,20.42,11.0,0.66275 0.66275 0.66275 RG,0 g,0.5
1,-,94.12,268.5,F2,7.0,78.04,266.5,20.42,11.0,0.66275 0.66275 0.66275 RG,0 g,0.5
1,-,114.54,268.5,F2,7.0,98.45,266.5,20.42,11.0,0.66275 0.66275 0.66275 RG,0 g,0.5
1,-,134.95,268.5,F2,7.0,118.87,266.5,20.42,11.0,0.66275 0.66275 0.66275 RG,0 g,0.5
1,-,155.37,268.5,F2,7.0,139.28,266.5,20.42,11.0,0.66275 0.66275 0.66275 RG,0 g,0.5
1,-,175.78,268.5,F2,7.0,159.7,266.5,20.42,11.0,0.66275 0.66275 0.66275 RG,0 g,0.5
1,-,196.2,268.5,F2,7.0,180.11,266.5,20.42,11.0,0.66275 0.66275 0.66275 RG,0 g,0.5
1,-,216.61,268.5,F2,7.0,200.53,266.5,20.42,11.0,0.66275 0.66275 0.66275 RG,0 g,0.5
1,-,237.03,268.5,F2,7.0,220.94,266.5,20.42,11.0,0.66275 0.66275 0.66275 RG,0 g,0.5
1,-,257.44,268.5,F2,7.0,241.36,266.5,20.42,11.0,0.66275 0.66275 0.66275 RG,0 g,0.5
1,-,277.86,268.5,F2,7.0,261.77,266.5,20.42,11.0,0.66275 0.66275 0.66275 RG,0 g,0.5
1,-,298.27,268.5,F2,7.0,282.19,266.5,20.42,11.0,0.66275 0.66275 0.66275 RG,0 g,0.5
1,-,318.69,268.5,F2,7.0,302.6,266.5,20.42,11.0,0.66275 0.66275 0.66275 RG,0 g,0.5
1,-,339.1,268.5,F2,7.0,323.02,266.5,20.42,11.0,0.66275 0.66275 0.66275 RG,0 g,0.5
1,-,359.52,268.5,F2,7.0,343.43,266.5,20.42,11.0,0.66275 0.66275 0.66275 RG,0 g,0.5
1,-,379.93,268.5,F2,7.0,363.85,266.5,20.42,11.0,0.66275 0.66275 0.66275 RG,0 g,0.5
1,-,400.35,268.5,F2,7.0,384.26,266.5,20.42,11.0,0.66275 0.66275 0.66275 RG,0 g,0.5
1,-,420.76,268.5,F2,7.0,404.68,266.5,20.42,11.0,0.66275 0.66275 0.66275 RG,0 g,0.5
1,-,441.18,268.5,F2,7.0,425.09,266.5,20.42,11.0,0.66275 0.66275 0.66275 RG,0 g,0.5
1,-,461.59,268.5,F2,7.0,445.51,266.5,20.42,11.0,0.66275 0.66275 0.66275 RG,0 g,0.5
1,-,482.01,268.5,F2,7.0,465.92,266.5,20.42,11.0,0.66275 0.66275 0.66275 RG,0 g,0.5
1,-,502.42,268.5,F2,7.0,486.34,266.5,20.42,11.0,0.66275 0.66275 0.66275 RG,0 g,0.5
1,-,522.84,268.5,F2,7.0,506.75,266.5,20.42,11.0,0.66275 0.66275 0.66275 RG,0 g,0.5
1,-,543.25,268.5,F2,7.0,527.17,266.5,20.42,11.0,0.66275 0.66275 0.66275 RG,0 g,0.5
1,-,563.67,268.5,F2,7.0,547.58,266.5,20.42,11.0,0.66275 0.66275 0.66275 RG,0 g,0.5
1,Teachers,282.13,253.5,F1,7.0,27.0,251.5,541.0,11.0,0.66275 0.66275 0.66275 RG,0 g,0.01
1,Classes Taught,135.38,238.5,F1,7.0,27.0,236.5,268.5,11.0,0.66275 0.66275 0.66275 RG,0 g,0.01
1,1-Primary,29.0,227.0,F2,7.5,27.0,225.0,100.69,11.5,0.66275 0.66275 0.66275 RG,0 g,0.01
1,22,151.47,227.5,F2,7.0,127.69,225.0,33.56,11.5,0.66275 0.66275 0.66275 RG,0 g,0.5
1,2-Up.Pr.,163.25,227.0,F2,7.5,161.25,225.0,100.69,11.5,0.66275 0.66275 0.66275 RG,0 g,0.01
1,1,289.61,227.5,F2,7.0,261.94,225.0,33.56,11.5,0.66275 0.66275 0.66275 RG,0 g,0.5
1,3-Pr. & Up.Pr.,29.0,215.5,F2,7.5,27.0,213.5,100.69,11.5,0.66275 0.66275 0.66275 RG,0 g,0.01
1,14,151.47,216.0,F2,7.0,127.69,213.5,33.56,11.5,0.66275 0.66275 0.66275 RG,0 g,0.5
1,5-Sec. only,163.25,215.5,F2,7.5,161.25,213.5,100.69,11.5,0.66275 0.66275 0.66275 RG,0 g,0.01
1,9,289.61,216.0,F2,7.0,261.94,213.5,33.56,11.5,0.66275 0.66275 0.66275 RG,0 g,0.5
1,6-H Sec only.,29.0,204.0,F2,7.5,27.0,202.0,100.69,11.5,0.66275 0.66275 0.66275 RG,0 g,0.01
1,7,155.36,204.5,F2,7.0,127.69,202.0,33.56,11.5,0.66275 0.66275 0.66275 RG,0 g,0.5
1,7-Up pri and Sec.,163.25,204.0,F2,7.5,161.25,202.0,100.69,11.5,0.66275 0.66275 0.66275 RG,0 g,0.01
1,3,289.61,204.5,F2,7.0,261.94,202.0,33.56,11.5,0.66275 0.66275 0.66275 RG,0 g,0.5
1,8-Sec and H Sec,29.0,192.5,F2,7.5,27.0,190.5,100.69,11.5,0.66275 0.66275 0.66275 RG,0 g,0.01
1,6,155.36,193.0,F2,7.0,127.69,190.5,33.56,11.5,0.66275 0.66275 0.66275 RG,0 g,0.5
1,10- Pre-Primary Only.,163.25,192.5,F2,7.5,161.25,190.5,100.69,11.5,0.66275 0.66275 0.66275 RG,0 g,0.01
1,6,289.61,193.0,F2,7.0,261.94,190.5,33.56,11.5,0.66275 0.66275 0.66275 RG,0 g,0.5
1,11-Pre- Pri & Pri,29.0,181.0,F2,7.5,27.0,179.0,100.69,11.5,0.66275 0.66275 0.66275 RG,0 g,0.01
1,1,155.36,181.5,F2,7.0,127.69,179.0,33.56,11.5,0.66275 0.66275 0.66275 RG,0 g,0.5
1,Teachers Aged above 55,29.0,169.5,F2,7.5,27.0,167.5,234.94,11.5,0.66275 0.66275 0.66275 RG,0 g,0.01
1,0,289.61,170.0,F2,7.0,261.94,167.5,33.56,11.5,0.66275 0.66275 0.66275 RG,0 g,0.5
1,No. of Total Teacher Received Service Training,29.0,158.0,F2,7.5,27.0,156.0,234.94,11.5,0.66275 0.66275 0.66275 RG,0 g,0.01
1,0,289.61,158.5,F2,7.0,261.94,156.0,33.56,11.5,0.66275 0.66275 0.66275 RG,0 g,0.5
1,Total Teacher Involve in Non Teaching Assignment,29.0,146.5,F2,7.5,27.0,144.5,234.94,11.5,0.66275 0.66275 0.66275 RG,0 g,0.01
1,0,289.61,147.0,F2,7.0,261.94,144.5,33.56,11.5,0.66275 0.66275 0.66275 RG,0 g,0.5
1,Total,335.89,238.5,F1,7.0,299.5,236.5,89.5,11.0,0.66275 0.66275 0.66275 RG,0 g,0.01
1,69,407.48,238.5,F1,7.0,389.0,236.5,44.75,11.0,0.66275 0.66275 0.66275 RG,0 g,0.01
1,Nature of Appointment,328.71,227.5,F1,7.0,299.5,225.5,134.25,11.0,0.66275 0.66275 0.66275 RG,0 g,0.01
1,Gender,488.62,227.5,F1,7.0,433.75,225.5,134.25,11.0,0.66275 0.66275 0.66275 RG,0 g,0.01
1,Regular,301.5,216.0,F2,7.5,299.5,214.0,89.5,11.5,0.66275 0.66275 0.66275 RG,0 g,0.01
1,69,423.97,216.5,F2,7.0,389.0,214.0,44.75,11.5,0.66275 0.66275 0.66275 RG,0 g,0.5
1,Male,435.75,216.0,F2,7.5,433.75,214.0,89.5,11.5,0.66275 0.66275 0.66275 RG,0 g,0.01
1,14,558.22,216.5,F2,7.0,523.25,214.0,44.75,11.5,0.66275 0.66275 0.66275 RG,0 g,0.5
1,Part-time,301.5,204.5,F2,7.5,299.5,202.5,89.5,11.5,0.66275 0.66275 0.66275 RG,0 g,0.01
1,0,427.86,205.0,F2,7.0,389.0,202.5,44.75,11.5,0.66275 0.66275 0.66275 RG,0 g,0.5
1,Female,435.75,204.5,F2,7.5,433.75,202.5,89.5,11.5,0.66275 0.66275 0.66275 RG,0 g,0.01
1,55,558.22,205.0,F2,7.0,523.25,202.5,44.75,11.5,0.66275 0.66275 0.66275 RG,0 g,0.5
1,Contract,301.5,193.0,F2,7.5,299.5,191.0,89.5,11.5,0.66275 0.66275 0.66275 RG,0 g,0.01
1,0,427.86,193.5,F2,7.0,389.0,191.0,44.75,11.5,0.66275 0.66275 0.66275 RG,0 g,0.5
1,Transgender,435.75,193.0,F2,7.5,433.75,191.0,89.5,11.5,0.66275 0.66275 0.66275 RG,0 g,0.01
1,0,562.11,193.5,F2,7.0,523.25,191.0,44.75,11.5,0.66275 0.66275 0.66275 RG,0 g,0.5
1,Academic Qualification,395.04,182.0,F1,7.0,299.5,180.0,268.5,11.0,0.66275 0.66275 0.66275 RG,0 g,0.01
1,Below Graduate,301.5,170.5,F2,7.5,299.5,168.5,89.5,11.5,0.66275 0.66275 0.66275 RG,0 g,0.01
1,4,427.86,171.0,F2,7.0,389.0,168.5,44.75,11.5,0.66275 0.66275 0.66275 RG,0 g,0.5
1,Graduate,435.75,170.5,F2,7.5,433.75,168.5,89.5,11.5,0.66275 0.66275 0.66275 RG,0 g,0.01
1,38,558.22,171.0,F2,7.0,523.25,168.5,44.75,11.5,0.66275 0.66275 0.66275 RG,0 g,0.5
1,Post Graduate and Above,301.5,159.0,F2,7.5,299.5,157.0,223.75,11.5,0.66275 0.66275 0.66275 RG,0 g,0.01
1,27,558.22,159.5,F2,7.0,523.25,157.0,44.75,11.5,0.66275 0.66275 0.66275 RG,0 g,0.5
1,Total Teacher Trained in Computer,301.5,147.0,F2,7.5,299.5,144.5,223.75,12.5,0.66275 0.66275 0.66275 RG,0 g,0.01
1,67,558.22,148.0,F2,7.0,523.25,144.5,44.75,12.5,0.66275 0.66275 0.66275 RG,0 g,0.5
1,Teacher With Professional Qualification,231.37,131.5,F1,7.0,27.0,129.5,541.0,11.0,0.66275 0.66275 0.66275 RG,0 g,0.01
1,Diploma or Certificate in basic teachers training,29.0,120.0,F2,7.5,27.0,118.0,225.42,11.5,0.66275 0.66275 0.66275 RG,0 g,0.01
1,13,287.72,120.5,F2,7.0,252.42,118.0,45.08,11.5,0.66275 0.66275 0.66275 RG,0 g,0.5
1,Bachelor of Elementary Education \(B.El.Ed.\),299.5,120.0,F2,7.5,297.5,118.0,225.42,11.5,0.66275 0.66275 0.66275 RG,0 g,0.01
1,0,562.11,120.5,F2,7.0,522.92,118.0,45.08,11.5,0.66275 0.66275 0.66275 RG,0 g,0.5
1,B.Ed. or Equivalent,29.0,108.5,F2,7.5,27.0,106.5,225.42,11.5,0.66275 0.66275 0.66275 RG,0 g,0.01
1,46,287.72,109.0,F2,7.0,252.42,106.5,45.08,11.5,0.66275 0.66275 0.66275 RG,0 g,0.5
1,M.Ed. or Equivalent,299.5,108.5,F2,7.5,297.5,106.5,225.42,11.5,0.66275 0.66275 0.66275 RG,0 g,0.01
1,3,562.11,109.0,F2,7.0,522.92,106.5,45.08,11.5,0.66275 0.66275 0.66275 RG,0 g,0.5
1,Other,29.0,97.0,F2,7.5,27.0,95.0,225.42,11.5,0.66275 0.66275 0.66275 RG,0 g,0.01
1,4,291.61,97.5,F2,7.0,252.42,95.0,45.08,11.5,0.66275 0.66275 0.66275 RG,0 g,0.5
1,None,299.5,97.0,F2,7.5,297.5,95.0,225.42,11.5,0.66275 0.66275 0.66275 RG,0 g,0.01
1,3,562.11,97.5,F2,7.0,522.92,95.0,45.08,11.5,0.66275 0.66275 0.66275 RG,0 g,0.5
1,Diploma/degree in special Education,29.0,85.5,F2,7.5,27.0,83.5,225.42,11.5,0.66275 0.66275 0.66275 RG,0 g,0.01
1,0,291.61,86.0,F2,7.0,252.42,83.5,45.08,11.5,0.66275 0.66275 0.66275 RG,0 g,0.5
1,Pursuing any Relevant Professional Course,299.5,85.5,F2,7.5,297.5,83.5,225.42,11.5,0.66275 0.66275 0.66275 RG,0 g,0.01
1,0,562.11,86.0,F2,7.0,522.92,83.5,45.08,11.5,0.66275 0.66275 0.66275 RG,0 g,0.5
1,Page 1,50.0,20.0,F2,9.0,,,,,,,
1,Academic Year : 2022-23,450.0,820.0,F1,9.0,,,,,,,
1,Generated On : 28 December 2024 06:57:07 AM\( https://src.udiseplus.gov.in\),20.0,20.0,F1,8.0,,,,,,,
2,"",0.0,0.0,,0.0,,,,,,,
2,SCHOOL REPORT CARD,210.84,820.0,F1,15.0,,,,,,,
2,UDISE CODE: 33  12  01  01  401,29.0,804.0,F1,8.0,27.0,802.0,541.0,12.0,0.66275 0.66275 0.66275 RG,0 g,0.01
2,School Name: CARMEL GARDEN MATRICULATION HIGHER SECONDARY SCHOOL,287.16,804.5,F1,7.0,27.0,802.0,541.0,12.0,0.66275 0.66275 0.66275 RG,0 g,0.01
2,Enrolment \(By Social Category\),29.0,792.0,F1,8.0,27.0,790.0,541.0,12.0,0.66275 0.66275 0.66275 RG,0 g,0.01
2,"Note : Gen = General,G.Tot = Grand Total",429.07,792.5,F1,7.0,27.0,790.0,541.0,12.0,0.66275 0.66275 0.66275 RG,0 g,0.01
2,Pre-Pr,54.01,780.0,F2,8.0,49.33,778.0,32.48,12.0,0.66275 0.66275 0.66275 RG,0 g,0.01
2,I,98.46,780.0,F2,8.0,81.81,778.0,35.53,12.0,0.66275 0.66275 0.66275 RG,0 g,0.01
2,II,132.87,780.0,F2,8.0,117.34,778.0,35.53,12.0,0.66275 0.66275 0.66275 RG,0 g,0.01
2,III,167.29,780.0,F2,8.0,152.86,778.0,35.53,12.0,0.66275 0.66275 0.66275 RG,0 g,0.01
2,IV,202.37,780.0,F2,8.0,188.39,778.0,35.53,12.0,0.66275 0.66275 0.66275 RG,0 g,0.01
2,V,239.01,780.0,F2,8.0,223.91,778.0,35.53,12.0,0.66275 0.66275 0.66275 RG,0 g,0.01
2,VI,273.42,780.0,F2,8.0,259.44,778.0,35.53,12.0,0.66275 0.66275 0.66275 RG,0 g,0.01
2,VII,307.83,780.0,F2,8.0,294.96,778.0,35.53,12.0,0.66275 0.66275 0.66275 RG,0 g,0.01
2,VIII,342.25,780.0,F2,8.0,330.49,778.0,35.53,12.0,0.66275 0.66275 0.66275 RG,0 g,0.01
2,IX,380.0,780.0,F2,8.0,366.01,778.0,35.53,12.0,0.66275 0.66275 0.66275 RG,0 g,0.01
2,X,416.63,780.0,F2,8.0,401.54,778.0,35.53,12.0,0.66275 0.66275 0.66275 RG,0 g,0.01
2,XI,451.05,780.0,F2,8.0,437.06,778.0,35.53,12.0,0.66275 0.66275 0.66275 RG,0 g,0.01
2,XII,484.95,780.0,F2,8.0,472.59,778.0,34.51,12.0,0.66275 0.66275 0.66275 RG,0 g,0.01
2,Total,529.19,780.5,F1,7.0,507.1,778.0,60.9,12.0,0.66275 0.66275 0.66275 RG,0 g,0.01
2,"",29.0,768.0,F2,8.0,27.0,766.0,22.33,12.0,0.66275 0.66275 0.66275 RG,0 g,0.01
2,B,54.78,768.0,F2,8.0,49.33,766.0,16.24,12.0,0.66275 0.66275 0.66275 RG,0 g,0.01
2,G,70.58,768.0,F2,8.0,65.57,766.0,16.24,12.0,0.66275 0.66275 0.66275 RG,0 g,0.01
2,B,88.28,768.0,F2,8.0,81.81,766.0,18.27,12.0,0.66275 0.66275 0.66275 RG,0 g,0.01
2,G,105.6,768.0,F2,8.0,100.08,766.0,17.26,12.0,0.66275 0.66275 0.66275 RG,0 g,0.01
2,B,123.8,768.0,F2,8.0,117.34,766.0,18.27,12.0,0.66275 0.66275 0.66275 RG,0 g,0.01
2,G,141.12,768.0,F2,8.0,135.61,766.0,17.26,12.0,0.66275 0.66275 0.66275 RG,0 g,0.01
2,B,159.33,768.0,F2,8.0,152.86,766.0,18.27,12.0,0.66275 0.66275 0.66275 RG,0 g,0.01
2,G,176.65,768.0,F2,8.0,171.13,766.0,17.26,12.0,0.66275 0.66275 0.66275 RG,0 g,0.01
2,B,194.85,768.0,F2,8.0,188.39,766.0,18.27,12.0,0.66275 0.66275 0.66275 RG,0 g,0.01
2,G,212.17,768.0,F2,8.0,206.66,766.0,17.26,12.0,0.66275 0.66275 0.66275 RG,0 g,0.01
2,B,230.38,768.0,F2,8.0,223.91,766.0,18.27,12.0,0.66275 0.66275 0.66275 RG,0 g,0.01
2,G,247.7,768.0,F2,8.0,242.18,766.0,17.26,12.0,0.66275 0.66275 0.66275 RG,0 g,0.01
2,B,265.9,768.0,F2,8.0,259.44,766.0,18.27,12.0,0.66275 0.66275 0.66275 RG,0 g,0.01
2,G,283.22,768.0,F2,8.0,277.71,766.0,17.26,12.0,0.66275 0.66275 0.66275 RG,0 g,0.01
2,B,301.43,768.0,F2,8.0,294.96,766.0,18.27,12.0,0.66275 0.66275 0.66275 RG,0 g,0.01
2,G,318.75,768.0,F2,8.0,313.23,766.0,17.26,12.0,0.66275 0.66275 0.66275 RG,0 g,0.01
2,B,336.95,768.0,F2,8.0,330.49,766.0,18.27,12.0,0.66275 0.66275 0.66275 RG,0 g,0.01
2,G,354.27,768.0,F2,8.0,348.76,766.0,17.26,12.0,0.66275 0.66275 0.66275 RG,0 g,0.01
2,B,372.48,768.0,F2,8.0,366.01,766.0,18.27,12.0,0.66275 0.66275 0.66275 RG,0 g,0.01
2,G,389.8,768.0,F2,8.0,384.28,766.0,17.26,12.0,0.66275 0.66275 0.66275 RG,0 g,0.01
2,B,408.01,768.0,F2,8.0,401.54,766.0,18.27,12.0,0.66275 0.66275 0.66275 RG,0 g,0.01
2,G,425.32,768.0,F2,8.0,419.81,766.0,17.26,12.0,0.66275 0.66275 0.66275 RG,0 g,0.01
2,B,443.53,768.0,F2,8.0,437.06,766.0,18.27,12.0,0.66275 0.66275 0.66275 RG,0 g,0.01
2,G,460.85,768.0,F2,8.0,455.33,766.0,17.26,12.0,0.66275 0.66275 0.66275 RG,0 g,0.01
2,B,478.55,768.0,F2,8.0,472.59,766.0,17.26,12.0,0.66275 0.66275 0.66275 RG,0 g,0.01
2,G,495.36,768.0,F2,8.0,489.84,766.0,17.26,12.0,0.66275 0.66275 0.66275 RG,0 g,0.01
2,B,514.72,768.5,F1,7.0,507.1,766.0,20.3,12.0,0.66275 0.66275 0.66275 RG,0 g,0.01
2,G,534.83,768.5,F1,7.0,527.4,766.0,20.3,12.0,0.66275 0.66275 0.66275 RG,0 g,0.01
2,All,553.38,768.5,F1,7.0,547.7,766.0,20.3,12.0,0.66275 0.66275 0.66275 RG,0 g,0.01
2,Gen,32.33,757.25,F1,6.0,27.0,754.5,22.33,11.5,0.66275 0.66275 0.66275 RG,0 g,0.01
2,7,59.68,757.0,F2,7.0,49.33,754.5,16.24,11.5,0.66275 0.66275 0.66275 RG,0 g,0.5
2,4,75.92,757.0,F2,7.0,65.57,754.5,16.24,11.5,0.66275 0.66275 0.66275 RG,0 g,0.5
2,3,94.19,757.0,F2,7.0,81.81,754.5,18.27,11.5,0.66275 0.66275 0.66275 RG,0 g,0.5
2,4,111.44,757.0,F2,7.0,100.08,754.5,17.26,11.5,0.66275 0.66275 0.66275 RG,0 g,0.5
2,3,129.71,757.0,F2,7.0,117.34,754.5,18.27,11.5,0.66275 0.66275 0.66275 RG,0 g,0.5
2,3,146.97,757.0,F2,7.0,135.61,754.5,17.26,11.5,0.66275 0.66275 0.66275 RG,0 g,0.5
2,4,165.24,757.0,F2,7.0,152.86,754.5,18.27,11.5,0.66275 0.66275 0.66275 RG,0 g,0.5
2,1,182.49,757.0,F2,7.0,171.13,754.5,17.26,11.5,0.66275 0.66275 0.66275 RG,0 g,0.5
2,5,200.76,757.0,F2,7.0,188.39,754.5,18.27,11.5,0.66275 0.66275 0.66275 RG,0 g,0.5
2,1,218.02,757.0,F2,7.0,206.66,754.5,17.26,11.5,0.66275 0.66275 0.66275 RG,0 g,0.5
2,6,236.29,757.0,F2,7.0,223.91,754.5,18.27,11.5,0.66275 0.66275 0.66275 RG,0 g,0.5
2,1,253.55,757.0,F2,7.0,242.18,754.5,17.26,11.5,0.66275 0.66275 0.66275 RG,0 g,0.5
2,6,271.82,757.0,F2,7.0,259.44,754.5,18.27,11.5,0.66275 0.66275 0.66275 RG,0 g,0.5
2,3,289.07,757.0,F2,7.0,277.71,754.5,17.26,11.5,0.66275 0.66275 0.66275 RG,0 g,0.5
2,8,307.34,757.0,F2,7.0,294.96,754.5,18.27,11.5,0.66275 0.66275 0.66275 RG,0 g,0.5
2,3,324.6,757.0,F2,7.0,313.23,754.5,17.26,11.5,0.66275 0.66275 0.66275 RG,0 g,0.5
2,13,338.97,757.0,F2,7.0,330.49,754.5,18.27,11.5,0.66275 0.66275 0.66275 RG,0 g,0.5
2,9,378.39,757.0,F2,7.0,366.01,754.5,18.27,11.5,0.66275 0.66275 0.66275 RG,0 g,0.5
2,9,413.92,757.0,F2,7.0,401.54,754.5,18.27,11.5,0.66275 0.66275 0.66275 RG,0 g,0.5
2,1,431.17,757.0,F2,7.0,419.81,754.5,17.26,11.5,0.66275 0.66275 0.66275 RG,0 g,0.5
2,16,445.55,757.0,F2,7.0,437.06,754.5,18.27,11.5,0.66275 0.66275 0.66275 RG,0 g,0.5
2,2,466.7,757.0,F2,7.0,455.33,754.5,17.26,11.5,0.66275 0.66275 0.66275 RG,0 g,0.5
2,16,480.06,757.0,F2,7.0,472.59,754.5,17.26,11.5,0.66275 0.66275 0.66275 RG,0 g,0.5
2,105,512.89,756.5,F1,7.5,507.1,754.5,20.3,11.5,0.66275 0.66275 0.66275 RG,0 g,0.01
2,23,537.36,756.5,F1,7.5,527.4,754.5,20.3,11.5,0.66275 0.66275 0.66275 RG,0 g,0.01
2,128,553.49,756.5,F1,7.5,547.7,754.5,20.3,11.5,0.66275 0.66275 0.66275 RG,0 g,0.01
2,SC,34.0,745.75,F1,6.0,27.0,743.0,22.33,11.5,0.66275 0.66275 0.66275 RG,0 g,0.01
2,21,55.79,745.5,F2,7.0,49.33,743.0,16.24,11.5,0.66275 0.66275 0.66275 RG,0 g,0.5
2,9,75.92,745.5,F2,7.0,65.57,743.0,16.24,11.5,0.66275 0.66275 0.66275 RG,0 g,0.5
2,10,90.3,745.5,F2,7.0,81.81,743.0,18.27,11.5,0.66275 0.66275 0.66275 RG,0 g,0.5
2,3,111.44,745.5,F2,7.0,100.08,743.0,17.26,11.5,0.66275 0.66275 0.66275 RG,0 g,0.5
2,7,129.71,745.5,F2,7.0,117.34,743.0,18.27,11.5,0.66275 0.66275 0.66275 RG,0 g,0.5
2,4,146.97,745.5,F2,7.0,135.61,743.0,17.26,11.5,0.66275 0.66275 0.66275 RG,0 g,0.5
2,10,161.35,745.5,F2,7.0,152.86,743.0,18.27,11.5,0.66275 0.66275 0.66275 RG,0 g,0.5
2,3,182.49,745.5,F2,7.0,171.13,743.0,17.26,11.5,0.66275 0.66275 0.66275 RG,0 g,0.5
2,9,200.76,745.5,F2,7.0,188.39,743.0,18.27,11.5,0.66275 0.66275 0.66275 RG,0 g,0.5
2,5,218.02,745.5,F2,7.0,206.66,743.0,17.26,11.5,0.66275 0.66275 0.66275 RG,0 g,0.5
2,14,232.4,745.5,F2,7.0,223.91,743.0,18.27,11.5,0.66275 0.66275 0.66275 RG,0 g,0.5
2,2,253.55,745.5,F2,7.0,242.18,743.0,17.26,11.5,0.66275 0.66275 0.66275 RG,0 g,0.5
2,13,267.92,745.5,F2,7.0,259.44,743.0,18.27,11.5,0.66275 0.66275 0.66275 RG,0 g,0.5
2,3,289.07,745.5,F2,7.0,277.71,743.0,17.26,11.5,0.66275 0.66275 0.66275 RG,0 g,0.5
2,12,303.45,745.5,F2,7.0,294.96,743.0,18.27,11.5,0.66275 0.66275 0.66275 RG,0 g,0.5
2,2,324.6,745.5,F2,7.0,313.23,743.0,17.26,11.5,0.66275 0.66275 0.66275 RG,0 g,0.5
2,13,338.97,745.5,F2,7.0,330.49,743.0,18.27,11.5,0.66275 0.66275 0.66275 RG,0 g,0.5
2,1,360.12,745.5,F2,7.0,348.76,743.0,17.26,11.5,0.66275 0.66275 0.66275 RG,0 g,0.5
2,14,374.5,745.5,F2,7.0,366.01,743.0,18.27,11.5,0.66275 0.66275 0.66275 RG,0 g,0.5
2,1,395.65,745.5,F2,7.0,384.28,743.0,17.26,11.5,0.66275 0.66275 0.66275 RG,0 g,0.5
2,12,410.02,745.5,F2,7.0,401.54,743.0,18.27,11.5,0.66275 0.66275 0.66275 RG,0 g,0.5
2,9,449.44,745.5,F2,7.0,437.06,743.0,18.27,11.5,0.66275 0.66275 0.66275 RG,0 g,0.5
2,3,466.7,745.5,F2,7.0,455.33,743.0,17.26,11.5,0.66275 0.66275 0.66275 RG,0 g,0.5
2,8,483.95,745.5,F2,7.0,472.59,743.0,17.26,11.5,0.66275 0.66275 0.66275 RG,0 g,0.5
2,152,512.89,745.0,F1,7.5,507.1,743.0,20.3,11.5,0.66275 0.66275 0.66275 RG,0 g,0.01
2,36,537.36,745.0,F1,7.5,527.4,743.0,20.3,11.5,0.66275 0.66275 0.66275 RG,0 g,0.01
2,188,553.49,745.0,F1,7.5,547.7,743.0,20.3,11.5,0.66275 0.66275 0.66275 RG,0 g,0.01
2,ST,34.33,734.25,F1,6.0,27.0,731.5,22.33,11.5,0.66275 0.66275 0.66275 RG,0 g,0.01
2,1,59.68,734.0,F2,7.0,49.33,731.5,16.24,11.5,0.66275 0.66275 0.66275 RG,0 g,0.5
2,1,236.29,734.0,F2,7.0,223.91,731.5,18.27,11.5,0.66275 0.66275 0.66275 RG,0 g,0.5
2,1,307.34,734.0,F2,7.0,294.96,731.5,18.27,11.5,0.66275 0.66275 0.66275 RG,0 g,0.5
2,1,431.17,734.0,F2,7.0,419.81,731.5,17.26,11.5,0.66275 0.66275 0.66275 RG,0 g,0.5
2,3,521.23,733.5,F1,7.5,507.1,731.5,20.3,11.5,0.66275 0.66275 0.66275 RG,0 g,0.01
2,1,541.53,733.5,F1,7.5,527.4,731.5,20.3,11.5,0.66275 0.66275 0.66275 RG,0 g,0.01
2,4,561.83,733.5,F1,7.5,547.7,731.5,20.3,11.5,0.66275 0.66275 0.66275 RG,0 g,0.01
2,OBC,31.5,719.0,F1,6.0,27.0,712.5,22.33,19.0,0.66275 0.66275 0.66275 RG,0 g,0.01
2,195,51.89,722.5,F2,7.0,49.33,712.5,16.24,19.0,0.66275 0.66275 0.66275 RG,0 g,0.5
2,67,72.03,722.5,F2,7.0,65.57,712.5,16.24,19.0,0.66275 0.66275 0.66275 RG,0 g,0.5
2,99,90.3,722.5,F2,7.0,81.81,712.5,18.27,19.0,0.66275 0.66275 0.66275 RG,0 g,0.5
2,28,107.55,722.5,F2,7.0,100.08,712.5,17.26,19.0,0.66275 0.66275 0.66275 RG,0 g,0.5
2,95,125.82,722.5,F2,7.0,117.34,712.5,18.27,19.0,0.66275 0.66275 0.66275 RG,0 g,0.5
2,29,143.08,722.5,F2,7.0,135.61,712.5,17.26,19.0,0.66275 0.66275 0.66275 RG,0 g,0.5
2,85,161.35,722.5,F2,7.0,152.86,712.5,18.27,19.0,0.66275 0.66275 0.66275 RG,0 g,0.5
2,25,178.6,722.5,F2,7.0,171.13,712.5,17.26,19.0,0.66275 0.66275 0.66275 RG,0 g,0.5
2,121,192.98,722.5,F2,7.0,188.39,712.5,18.27,19.0,0.66275 0.66275 0.66275 RG,0 g,0.5
2,24,214.13,722.5,F2,7.0,206.66,712.5,17.26,19.0,0.66275 0.66275 0.66275 RG,0 g,0.5
2,101,228.51,722.5,F2,7.0,223.91,712.5,18.27,19.0,0.66275 0.66275 0.66275 RG,0 g,0.5
2,26,249.65,722.5,F2,7.0,242.18,712.5,17.26,19.0,0.66275 0.66275 0.66275 RG,0 g,0.5
2,110,264.03,722.5,F2,7.0,259.44,712.5,18.27,19.0,0.66275 0.66275 0.66275 RG,0 g,0.5
2,27,285.18,722.5,F2,7.0,277.71,712.5,17.26,19.0,0.66275 0.66275 0.66275 RG,0 g,0.5
2,105,299.56,722.5,F2,7.0,294.96,712.5,18.27,19.0,0.66275 0.66275 0.66275 RG,0 g,0.5
2,11,320.7,722.5,F2,7.0,313.23,712.5,17.26,19.0,0.66275 0.66275 0.66275 RG,0 g,0.5
2,122,335.08,722.5,F2,7.0,330.49,712.5,18.27,19.0,0.66275 0.66275 0.66275 RG,0 g,0.5
2,19,356.23,722.5,F2,7.0,348.76,712.5,17.26,19.0,0.66275 0.66275 0.66275 RG,0 g,0.5
2,136,370.61,722.5,F2,7.0,366.01,712.5,18.27,19.0,0.66275 0.66275 0.66275 RG,0 g,0.5
2,9,395.65,722.5,F2,7.0,384.28,712.5,17.26,19.0,0.66275 0.66275 0.66275 RG,0 g,0.5
2,121,406.13,722.5,F2,7.0,401.54,712.5,18.27,19.0,0.66275 0.66275 0.66275 RG,0 g,0.5
2,7,431.17,722.5,F2,7.0,419.81,712.5,17.26,19.0,0.66275 0.66275 0.66275 RG,0 g,0.5
2,104,441.66,722.5,F2,7.0,437.06,712.5,18.27,19.0,0.66275 0.66275 0.66275 RG,0 g,0.5
2,15,462.81,722.5,F2,7.0,455.33,712.5,17.26,19.0,0.66275 0.66275 0.66275 RG,0 g,0.5
2,115,476.17,722.5,F2,7.0,472.59,712.5,17.26,19.0,0.66275 0.66275 0.66275 RG,0 g,0.5
2,2,501.21,722.5,F2,7.0,489.84,712.5,17.26,19.0,0.66275 0.66275 0.66275 RG,0 g,0.5
2,150 9,512.89,722.0,F1,7.5,507.1,712.5,20.3,19.0,0.66275 0.66275 0.66275 RG,0 g,0.01
2,289,533.19,718.25,F1,7.5,527.4,712.5,20.3,19.0,0.66275 0.66275 0.66275 RG,0 g,0.01
2,179 8,553.49,722.0,F1,7.5,547.7,712.5,20.3,19.0,0.66275 0.66275 0.66275 RG,0 g,0.01
2,Total,31.0,704.0,F1,6.0,27.0,701.5,22.33,11.0,0.66275 0.66275 0.66275 RG,0 g,0.01
2,224,51.89,703.5,F2,7.0,49.33,701.5,16.24,11.0,0.66275 0.66275 0.66275 RG,0 g,0.5
2,80,72.03,703.5,F2,7.0,65.57,701.5,16.24,11.0,0.66275 0.66275 0.66275 RG,0 g,0.5
2,112,86.4,703.5,F2,7.0,81.81,701.5,18.27,11.0,0.66275 0.66275 0.66275 RG,0 g,0.5
2,35,107.55,703.5,F2,7.0,100.08,701.5,17.26,11.0,0.66275 0.66275 0.66275 RG,0 g,0.5
2,105,121.93,703.5,F2,7.0,117.34,701.5,18.27,11.0,0.66275 0.66275 0.66275 RG,0 g,0.5
2,36,143.08,703.5,F2,7.0,135.61,701.5,17.26,11.0,0.66275 0.66275 0.66275 RG,0 g,0.5
2,99,161.35,703.5,F2,7.0,152.86,701.5,18.27,11.0,0.66275 0.66275 0.66275 RG,0 g,0.5
2,29,178.6,703.5,F2,7.0,171.13,701.5,17.26,11.0,0.66275 0.66275 0.66275 RG,0 g,0.5
2,135,192.98,703.5,F2,7.0,188.39,701.5,18.27,11.0,0.66275 0.66275 0.66275 RG,0 g,0.5
2,30,214.13,703.5,F2,7.0,206.66,701.5,17.26,11.0,0.66275 0.66275 0.66275 RG,0 g,0.5
2,122,228.51,703.5,F2,7.0,223.91,701.5,18.27,11.0,0.66275 0.66275 0.66275 RG,0 g,0.5
2,29,249.65,703.5,F2,7.0,242.18,701.5,17.26,11.0,0.66275 0.66275 0.66275 RG,0 g,0.5
2,129,264.03,703.5,F2,7.0,259.44,701.5,18.27,11.0,0.66275 0.66275 0.66275 RG,0 g,0.5
2,33,285.18,703.5,F2,7.0,277.71,701.5,17.26,11.0,0.66275 0.66275 0.66275 RG,0 g,0.5
2,126,299.56,703.5,F2,7.0,294.96,701.5,18.27,11.0,0.66275 0.66275 0.66275 RG,0 g,0.5
2,16,320.7,703.5,F2,7.0,313.23,701.5,17.26,11.0,0.66275 0.66275 0.66275 RG,0 g,0.5
2,148,335.08,703.5,F2,7.0,330.49,701.5,18.27,11.0,0.66275 0.66275 0.66275 RG,0 g,0.5
2,20,356.23,703.5,F2,7.0,348.76,701.5,17.26,11.0,0.66275 0.66275 0.66275 RG,0 g,0.5
2,159,370.61,703.5,F2,7.0,366.01,701.5,18.27,11.0,0.66275 0.66275 0.66275 RG,0 g,0.5
2,10,391.75,703.5,F2,7.0,384.28,701.5,17.26,11.0,0.66275 0.66275 0.66275 RG,0 g,0.5
2,142,406.13,703.5,F2,7.0,401.54,701.5,18.27,11.0,0.66275 0.66275 0.66275 RG,0 g,0.5
2,9,431.17,703.5,F2,7.0,419.81,701.5,17.26,11.0,0.66275 0.66275 0.66275 RG,0 g,0.5
2,129,441.66,703.5,F2,7.0,437.06,701.5,18.27,11.0,0.66275 0.66275 0.66275 RG,0 g,0.5
2,20,462.81,703.5,F2,7.0,455.33,701.5,17.26,11.0,0.66275 0.66275 0.66275 RG,0 g,0.5
2,139,476.17,703.5,F2,7.0,472.59,701.5,17.26,11.0,0.66275 0.66275 0.66275 RG,0 g,0.5
2,2,501.21,703.5,F2,7.0,489.84,701.5,17.26,11.0,0.66275 0.66275 0.66275 RG,0 g,0.5
2,1769,509.47,703.5,F1,7.0,507.1,701.5,20.3,11.0,0.66275 0.66275 0.66275 RG,0 g,0.01
2,349,531.71,703.5,F1,7.0,527.4,701.5,20.3,11.0,0.66275 0.66275 0.66275 RG,0 g,0.01
2,2118,550.07,703.5,F1,7.0,547.7,701.5,20.3,11.0,0.66275 0.66275 0.66275 RG,0 g,0.01
2,G.Tot,30.33,693.0,F1,6.0,27.0,690.5,22.33,11.0,0.66275 0.66275 0.66275 RG,0 g,0.01
2,304,59.73,692.5,F1,7.0,49.33,690.5,32.48,11.0,0.66275 0.66275 0.66275 RG,0 g,0.5
2,147,93.74,692.5,F1,7.0,81.81,690.5,35.53,11.0,0.66275 0.66275 0.66275 RG,0 g,0.5
2,141,129.26,692.5,F1,7.0,117.34,690.5,35.53,11.0,0.66275 0.66275 0.66275 RG,0 g,0.5
2,128,164.79,692.5,F1,7.0,152.86,690.5,35.53,11.0,0.66275 0.66275 0.66275 RG,0 g,0.5
2,165,200.31,692.5,F1,7.0,188.39,690.5,35.53,11.0,0.66275 0.66275 0.66275 RG,0 g,0.5
2,151,235.84,692.5,F1,7.0,223.91,690.5,35.53,11.0,0.66275 0.66275 0.66275 RG,0 g,0.5
2,162,271.36,692.5,F1,7.0,259.44,690.5,35.53,11.0,0.66275 0.66275 0.66275 RG,0 g,0.5
2,142,306.89,692.5,F1,7.0,294.96,690.5,35.53,11.0,0.66275 0.66275 0.66275 RG,0 g,0.5
2,168,342.41,692.5,F1,7.0,330.49,690.5,35.53,11.0,0.66275 0.66275 0.66275 RG,0 g,0.5
2,169,377.94,692.5,F1,7.0,366.01,690.5,35.53,11.0,0.66275 0.66275 0.66275 RG,0 g,0.5
2,151,413.46,692.5,F1,7.0,401.54,690.5,35.53,11.0,0.66275 0.66275 0.66275 RG,0 g,0.5
2,149,448.99,692.5,F1,7.0,437.06,690.5,35.53,11.0,0.66275 0.66275 0.66275 RG,0 g,0.5
2,141,484.01,692.5,F1,7.0,472.59,690.5,34.51,11.0,0.66275 0.66275 0.66275 RG,0 g,0.5
2,2118,519.62,692.5,F1,7.0,507.1,690.5,40.6,11.0,0.66275 0.66275 0.66275 RG,0 g,0.5
2,2118,550.43,692.5,F1,7.0,547.7,690.5,20.3,11.0,0.66275 0.66275 0.66275 RG,0 g,0.5
2,Minority Details,29.0,680.5,F1,8.0,27.0,678.5,541.0,12.0,0.66275 0.66275 0.66275 RG,0 g,0.01
2,"Note : Musl = Muslim, Chris = Christian , Budh = Buddhist ,Aadh = Aadhar ,Rept = Repeater",263.18,681.0,F1,7.0,27.0,678.5,541.0,12.0,0.66275 0.66275 0.66275 RG,0 g,0.01
2,Musl,31.33,669.75,F1,6.0,27.0,667.0,22.33,11.5,0.66275 0.66275 0.66275 RG,0 g,0.01
2,82,55.79,669.5,F2,7.0,49.33,667.0,16.24,11.5,0.66275 0.66275 0.66275 RG,0 g,0.5
2,16,72.03,669.5,F2,7.0,65.57,667.0,16.24,11.5,0.66275 0.66275 0.66275 RG,0 g,0.5
2,39,90.3,669.5,F2,7.0,81.81,667.0,18.27,11.5,0.66275 0.66275 0.66275 RG,0 g,0.5
2,2,111.44,669.5,F2,7.0,100.08,667.0,17.26,11.5,0.66275 0.66275 0.66275 RG,0 g,0.5
2,36,125.82,669.5,F2,7.0,117.34,667.0,18.27,11.5,0.66275 0.66275 0.66275 RG,0 g,0.5
2,5,146.97,669.5,F2,7.0,135.61,667.0,17.26,11.5,0.66275 0.66275 0.66275 RG,0 g,0.5
2,23,161.35,669.5,F2,7.0,152.86,667.0,18.27,11.5,0.66275 0.66275 0.66275 RG,0 g,0.5
2,4,182.49,669.5,F2,7.0,171.13,667.0,17.26,11.5,0.66275 0.66275 0.66275 RG,0 g,0.5
2,39,196.87,669.5,F2,7.0,188.39,667.0,18.27,11.5,0.66275 0.66275 0.66275 RG,0 g,0.5
2,6,218.02,669.5,F2,7.0,206.66,667.0,17.26,11.5,0.66275 0.66275 0.66275 RG,0 g,0.5
2,30,232.4,669.5,F2,7.0,223.91,667.0,18.27,11.5,0.66275 0.66275 0.66275 RG,0 g,0.5
2,3,253.55,669.5,F2,7.0,242.18,667.0,17.26,11.5,0.66275 0.66275 0.66275 RG,0 g,0.5
2,36,267.92,669.5,F2,7.0,259.44,667.0,18.27,11.5,0.66275 0.66275 0.66275 RG,0 g,0.5
2,2,289.07,669.5,F2,7.0,277.71,667.0,17.26,11.5,0.66275 0.66275 0.66275 RG,0 g,0.5
2,26,303.45,669.5,F2,7.0,294.96,667.0,18.27,11.5,0.66275 0.66275 0.66275 RG,0 g,0.5
2,2,324.6,669.5,F2,7.0,313.23,667.0,17.26,11.5,0.66275 0.66275 0.66275 RG,0 g,0.5
2,43,338.97,669.5,F2,7.0,330.49,667.0,18.27,11.5,0.66275 0.66275 0.66275 RG,0 g,0.5
2,3,360.12,669.5,F2,7.0,348.76,667.0,17.26,11.5,0.66275 0.66275 0.66275 RG,0 g,0.5
2,34,374.5,669.5,F2,7.0,366.01,667.0,18.27,11.5,0.66275 0.66275 0.66275 RG,0 g,0.5
2,36,410.02,669.5,F2,7.0,401.54,667.0,18.27,11.5,0.66275 0.66275 0.66275 RG,0 g,0.5
2,1,431.17,669.5,F2,7.0,419.81,667.0,17.26,11.5,0.66275 0.66275 0.66275 RG,0 g,0.5
2,26,445.55,669.5,F2,7.0,437.06,667.0,18.27,11.5,0.66275 0.66275 0.66275 RG,0 g,0.5
2,2,466.7,669.5,F2,7.0,455.33,667.0,17.26,11.5,0.66275 0.66275 0.66275 RG,0 g,0.5
2,25,480.06,669.5,F2,7.0,472.59,667.0,17.26,11.5,0.66275 0.66275 0.66275 RG,0 g,0.5
2,1,501.21,669.5,F2,7.0,489.84,667.0,17.26,11.5,0.66275 0.66275 0.66275 RG,0 g,0.5
2,475,512.89,669.0,F1,7.5,507.1,667.0,20.3,11.5,0.66275 0.66275 0.66275 RG,0 g,0.01
2,47,537.36,669.0,F1,7.5,527.4,667.0,20.3,11.5,0.66275 0.66275 0.66275 RG,0 g,0.01
2,522,553.49,669.0,F1,7.5,547.7,667.0,20.3,11.5,0.66275 0.66275 0.66275 RG,0 g,0.01
2,Chris,30.5,658.25,F1,6.0,27.0,655.5,22.33,11.5,0.66275 0.66275 0.66275 RG,0 g,0.01
2,58,55.79,658.0,F2,7.0,49.33,655.5,16.24,11.5,0.66275 0.66275 0.66275 RG,0 g,0.5
2,18,72.03,658.0,F2,7.0,65.57,655.5,16.24,11.5,0.66275 0.66275 0.66275 RG,0 g,0.5
2,26,90.3,658.0,F2,7.0,81.81,655.5,18.27,11.5,0.66275 0.66275 0.66275 RG,0 g,0.5
2,13,107.55,658.0,F2,7.0,100.08,655.5,17.26,11.5,0.66275 0.66275 0.66275 RG,0 g,0.5
2,34,125.82,658.0,F2,7.0,117.34,655.5,18.27,11.5,0.66275 0.66275 0.66275 RG,0 g,0.5
2,8,146.97,658.0,F2,7.0,135.61,655.5,17.26,11.5,0.66275 0.66275 0.66275 RG,0 g,0.5
2,37,161.35,658.0,F2,7.0,152.86,655.5,18.27,11.5,0.66275 0.66275 0.66275 RG,0 g,0.5
2,10,178.6,658.0,F2,7.0,171.13,655.5,17.26,11.5,0.66275 0.66275 0.66275 RG,0 g,0.5
2,44,196.87,658.0,F2,7.0,188.39,655.5,18.27,11.5,0.66275 0.66275 0.66275 RG,0 g,0.5
2,7,218.02,658.0,F2,7.0,206.66,655.5,17.26,11.5,0.66275 0.66275 0.66275 RG,0 g,0.5
2,45,232.4,658.0,F2,7.0,223.91,655.5,18.27,11.5,0.66275 0.66275 0.66275 RG,0 g,0.5
2,9,253.55,658.0,F2,7.0,242.18,655.5,17.26,11.5,0.66275 0.66275 0.66275 RG,0 g,0.5
2,39,267.92,658.0,F2,7.0,259.44,655.5,18.27,11.5,0.66275 0.66275 0.66275 RG,0 g,0.5
2,12,285.18,658.0,F2,7.0,277.71,655.5,17.26,11.5,0.66275 0.66275 0.66275 RG,0 g,0.5
2,45,303.45,658.0,F2,7.0,294.96,655.5,18.27,11.5,0.66275 0.66275 0.66275 RG,0 g,0.5
2,4,324.6,658.0,F2,7.0,313.23,655.5,17.26,11.5,0.66275 0.66275 0.66275 RG,0 g,0.5
2,52,338.97,658.0,F2,7.0,330.49,655.5,18.27,11.5,0.66275 0.66275 0.66275 RG,0 g,0.5
2,6,360.12,658.0,F2,7.0,348.76,655.5,17.26,11.5,0.66275 0.66275 0.66275 RG,0 g,0.5
2,52,374.5,658.0,F2,7.0,366.01,655.5,18.27,11.5,0.66275 0.66275 0.66275 RG,0 g,0.5
2,6,395.65,658.0,F2,7.0,384.28,655.5,17.26,11.5,0.66275 0.66275 0.66275 RG,0 g,0.5
2,51,410.02,658.0,F2,7.0,401.54,655.5,18.27,11.5,0.66275 0.66275 0.66275 RG,0 g,0.5
2,5,431.17,658.0,F2,7.0,419.81,655.5,17.26,11.5,0.66275 0.66275 0.66275 RG,0 g,0.5
2,56,445.55,658.0,F2,7.0,437.06,655.5,18.27,11.5,0.66275 0.66275 0.66275 RG,0 g,0.5
2,8,466.7,658.0,F2,7.0,455.33,655.5,17.26,11.5,0.66275 0.66275 0.66275 RG,0 g,0.5
2,53,480.06,658.0,F2,7.0,472.59,655.5,17.26,11.5,0.66275 0.66275 0.66275 RG,0 g,0.5
2,592,512.89,657.5,F1,7.5,507.1,655.5,20.3,11.5,0.66275 0.66275 0.66275 RG,0 g,0.01
2,106,533.19,657.5,F1,7.5,527.4,655.5,20.3,11.5,0.66275 0.66275 0.66275 RG,0 g,0.01
2,698,553.49,657.5,F1,7.5,547.7,655.5,20.3,11.5,0.66275 0.66275 0.66275 RG,0 g,0.01
2,Sikh,31.83,647.5,F1,6.0,27.0,645.5,22.33,10.0,0.66275 0.66275 0.66275 RG,0 g,0.01
2,Budh,30.5,637.5,F1,6.0,27.0,635.5,22.33,10.0,0.66275 0.66275 0.66275 RG,0 g,0.01
2,Parsi,30.83,627.5,F1,6.0,27.0,625.5,22.33,10.0,0.66275 0.66275 0.66275 RG,0 g,0.01
2,Jain,32.16,617.5,F1,6.0,27.0,615.5,22.33,10.0,0.66275 0.66275 0.66275 RG,0 g,0.01
2,Other,30.16,607.5,F1,6.0,27.0,605.5,22.33,10.0,0.66275 0.66275 0.66275 RG,0 g,0.01
2,Total,31.0,597.5,F1,6.0,27.0,595.5,22.33,10.0,0.66275 0.66275 0.66275 RG,0 g,0.01
2,G.Tot,30.33,587.5,F1,6.0,27.0,585.5,22.33,10.0,0.66275 0.66275 0.66275 RG,0 g,0.01
2,Aadh,30.67,577.5,F1,6.0,27.0,575.5,22.33,10.0,0.66275 0.66275 0.66275 RG,0 g,0.01
2,BPL,32.17,566.75,F1,6.0,27.0,564.0,22.33,11.5,0.66275 0.66275 0.66275 RG,0 g,0.01
2,5,59.68,566.5,F2,7.0,49.33,564.0,16.24,11.5,0.66275 0.66275 0.66275 RG,0 g,0.5
2,2,75.92,566.5,F2,7.0,65.57,564.0,16.24,11.5,0.66275 0.66275 0.66275 RG,0 g,0.5
2,3,94.19,566.5,F2,7.0,81.81,564.0,18.27,11.5,0.66275 0.66275 0.66275 RG,0 g,0.5
2,3,111.44,566.5,F2,7.0,100.08,564.0,17.26,11.5,0.66275 0.66275 0.66275 RG,0 g,0.5
2,3,129.71,566.5,F2,7.0,117.34,564.0,18.27,11.5,0.66275 0.66275 0.66275 RG,0 g,0.5
2,3,146.97,566.5,F2,7.0,135.61,564.0,17.26,11.5,0.66275 0.66275 0.66275 RG,0 g,0.5
2,3,165.24,566.5,F2,7.0,152.86,564.0,18.27,11.5,0.66275 0.66275 0.66275 RG,0 g,0.5
2,1,182.49,566.5,F2,7.0,171.13,564.0,17.26,11.5,0.66275 0.66275 0.66275 RG,0 g,0.5
2,5,200.76,566.5,F2,7.0,188.39,564.0,18.27,11.5,0.66275 0.66275 0.66275 RG,0 g,0.5
2,1,218.02,566.5,F2,7.0,206.66,564.0,17.26,11.5,0.66275 0.66275 0.66275 RG,0 g,0.5
2,5,236.29,566.5,F2,7.0,223.91,564.0,18.27,11.5,0.66275 0.66275 0.66275 RG,0 g,0.5
2,5,271.82,566.5,F2,7.0,259.44,564.0,18.27,11.5,0.66275 0.66275 0.66275 RG,0 g,0.5
2,2,289.07,566.5,F2,7.0,277.71,564.0,17.26,11.5,0.66275 0.66275 0.66275 RG,0 g,0.5
2,6,307.34,566.5,F2,7.0,294.96,564.0,18.27,11.5,0.66275 0.66275 0.66275 RG,0 g,0.5
2,2,324.6,566.5,F2,7.0,313.23,564.0,17.26,11.5,0.66275 0.66275 0.66275 RG,0 g,0.5
2,12,338.97,566.5,F2,7.0,330.49,564.0,18.27,11.5,0.66275 0.66275 0.66275 RG,0 g,0.5
2,7,378.39,566.5,F2,7.0,366.01,564.0,18.27,11.5,0.66275 0.66275 0.66275 RG,0 g,0.5
2,8,413.92,566.5,F2,7.0,401.54,564.0,18.27,11.5,0.66275 0.66275 0.66275 RG,0 g,0.5
2,1,431.17,566.5,F2,7.0,419.81,564.0,17.26,11.5,0.66275 0.66275 0.66275 RG,0 g,0.5
2,15,445.55,566.5,F2,7.0,437.06,564.0,18.27,11.5,0.66275 0.66275 0.66275 RG,0 g,0.5
2,1,466.7,566.5,F2,7.0,455.33,564.0,17.26,11.5,0.66275 0.66275 0.66275 RG,0 g,0.5
2,12,480.06,566.5,F2,7.0,472.59,564.0,17.26,11.5,0.66275 0.66275 0.66275 RG,0 g,0.5
2,89,517.06,566.0,F1,7.5,507.1,564.0,20.3,11.5,0.66275 0.66275 0.66275 RG,0 g,0.01
2,16,537.36,566.0,F1,7.5,527.4,564.0,20.3,11.5,0.66275 0.66275 0.66275 RG,0 g,0.01
2,105,553.49,566.0,F1,7.5,547.7,564.0,20.3,11.5,0.66275 0.66275 0.66275 RG,0 g,0.01
2,Rept,31.5,556.0,F1,6.0,27.0,554.0,22.33,10.0,0.66275 0.66275 0.66275 RG,0 g,0.01
2,Cwsn,30.16,546.0,F1,6.0,27.0,544.0,22.33,10.0,0.66275 0.66275 0.66275 RG,0 g,0.01
2,Enrolment by grade in the current academic session \(by Age in completed years\),29.0,530.0,F1,8.0,25.0,268.5,545.0,273.5,0 G,0 g,0.5
2,Class,30.16,519.0,F1,6.0,27.0,516.0,22.33,12.0,0.66275 0.66275 0.66275 RG,0 g,0.01
2,Pre-Pr,54.01,518.0,F2,8.0,49.33,516.0,32.48,12.0,0.66275 0.66275 0.66275 RG,0 g,0.01
2,I,98.46,518.0,F2,8.0,81.81,516.0,35.53,12.0,0.66275 0.66275 0.66275 RG,0 g,0.01
2,II,132.87,518.0,F2,8.0,117.34,516.0,35.53,12.0,0.66275 0.66275 0.66275 RG,0 g,0.01
2,III,167.29,518.0,F2,8.0,152.86,516.0,35.53,12.0,0.66275 0.66275 0.66275 RG,0 g,0.01
2,IV,202.37,518.0,F2,8.0,188.39,516.0,35.53,12.0,0.66275 0.66275 0.66275 RG,0 g,0.01
2,V,239.01,518.0,F2,8.0,223.91,516.0,35.53,12.0,0.66275 0.66275 0.66275 RG,0 g,0.01
2,VI,273.42,518.0,F2,8.0,259.44,516.0,35.53,12.0,0.66275 0.66275 0.66275 RG,0 g,0.01
2,VII,307.83,518.0,F2,8.0,294.96,516.0,35.53,12.0,0.66275 0.66275 0.66275 RG,0 g,0.01
2,VIII,342.25,518.0,F2,8.0,330.49,516.0,35.53,12.0,0.66275 0.66275 0.66275 RG,0 g,0.01
2,IX,380.0,518.0,F2,8.0,366.01,516.0,35.53,12.0,0.66275 0.66275 0.66275 RG,0 g,0.01
2,X,416.63,518.0,F2,8.0,401.54,516.0,35.53,12.0,0.66275 0.66275 0.66275 RG,0 g,0.01
2,XI,451.05,518.0,F2,8.0,437.06,516.0,35.53,12.0,0.66275 0.66275 0.66275 RG,0 g,0.01
2,XII,484.95,518.0,F2,8.0,472.59,516.0,34.51,12.0,0.66275 0.66275 0.66275 RG,0 g,0.01
2,Total,529.19,518.5,F1,7.0,507.1,516.0,60.9,12.0,0.66275 0.66275 0.66275 RG,0 g,0.01
2,Age,32.5,507.0,F1,6.0,27.0,504.0,22.33,12.0,0.66275 0.66275 0.66275 RG,0 g,0.01
2,B,54.78,506.0,F2,8.0,49.33,504.0,16.24,12.0,0.66275 0.66275 0.66275 RG,0 g,0.01
2,G,70.58,506.0,F2,8.0,65.57,504.0,16.24,12.0,0.66275 0.66275 0.66275 RG,0 g,0.01
2,B,88.28,506.0,F2,8.0,81.81,504.0,18.27,12.0,0.66275 0.66275 0.66275 RG,0 g,0.01
2,G,105.6,506.0,F2,8.0,100.08,504.0,17.26,12.0,0.66275 0.66275 0.66275 RG,0 g,0.01
2,B,123.8,506.0,F2,8.0,117.34,504.0,18.27,12.0,0.66275 0.66275 0.66275 RG,0 g,0.01
2,G,141.12,506.0,F2,8.0,135.61,504.0,17.26,12.0,0.66275 0.66275 0.66275 RG,0 g,0.01
2,B,159.33,506.0,F2,8.0,152.86,504.0,18.27,12.0,0.66275 0.66275 0.66275 RG,0 g,0.01
2,G,176.65,506.0,F2,8.0,171.13,504.0,17.26,12.0,0.66275 0.66275 0.66275 RG,0 g,0.01
2,B,194.85,506.0,F2,8.0,188.39,504.0,18.27,12.0,0.66275 0.66275 0.66275 RG,0 g,0.01
2,G,212.17,506.0,F2,8.0,206.66,504.0,17.26,12.0,0.66275 0.66275 0.66275 RG,0 g,0.01
2,B,230.38,506.0,F2,8.0,223.91,504.0,18.27,12.0,0.66275 0.66275 0.66275 RG,0 g,0.01
2,G,247.7,506.0,F2,8.0,242.18,504.0,17.26,12.0,0.66275 0.66275 0.66275 RG,0 g,0.01
2,B,265.9,506.0,F2,8.0,259.44,504.0,18.27,12.0,0.66275 0.66275 0.66275 RG,0 g,0.01
2,G,283.22,506.0,F2,8.0,277.71,504.0,17.26,12.0,0.66275 0.66275 0.66275 RG,0 g,0.01
2,B,301.43,506.0,F2,8.0,294.96,504.0,18.27,12.0,0.66275 0.66275 0.66275 RG,0 g,0.01
2,G,318.75,506.0,F2,8.0,313.23,504.0,17.26,12.0,0.66275 0.66275 0.66275 RG,0 g,0.01
2,B,336.95,506.0,F2,8.0,330.49,504.0,18.27,12.0,0.66275 0.66275 0.66275 RG,0 g,0.01
2,G,354.27,506.0,F2,8.0,348.76,504.0,17.26,12.0,0.66275 0.66275 0.66275 RG,0 g,0.01
2,B,372.48,506.0,F2,8.0,366.01,504.0,18.27,12.0,0.66275 0.66275 0.66275 RG,0 g,0.01
2,G,389.8,506.0,F2,8.0,384.28,504.0,17.26,12.0,0.66275 0.66275 0.66275 RG,0 g,0.01
2,B,408.01,506.0,F2,8.0,401.54,504.0,18.27,12.0,0.66275 0.66275 0.66275 RG,0 g,0.01
2,G,425.32,506.0,F2,8.0,419.81,504.0,17.26,12.0,0.66275 0.66275 0.66275 RG,0 g,0.01
2,B,443.53,506.0,F2,8.0,437.06,504.0,18.27,12.0,0.66275 0.66275 0.66275 RG,0 g,0.01
2,G,460.85,506.0,F2,8.0,455.33,504.0,17.26,12.0,0.66275 0.66275 0.66275 RG,0 g,0.01
2,B,478.55,506.0,F2,8.0,472.59,504.0,17.26,12.0,0.66275 0.66275 0.66275 RG,0 g,0.01
2,G,495.36,506.0,F2,8.0,489.84,504.0,17.26,12.0,0.66275 0.66275 0.66275 RG,0 g,0.01
2,B,514.72,506.5,F1,7.0,507.1,504.0,20.3,12.0,0.66275 0.66275 0.66275 RG,0 g,0.01
2,G,534.83,506.5,F1,7.0,527.4,504.0,20.3,12.0,0.66275 0.66275 0.66275 RG,0 g,0.01
2,All,553.38,506.5,F1,7.0,547.7,504.0,20.3,12.0,0.66275 0.66275 0.66275 RG,0 g,0.01
2,>3,34.75,495.25,F1,6.0,27.0,492.5,22.33,11.5,0.66275 0.66275 0.66275 RG,0 g,0.01
2,68,55.79,495.0,F2,7.0,49.33,492.5,16.24,11.5,0.66275 0.66275 0.66275 RG,0 g,0.5
2,23,72.03,495.0,F2,7.0,65.57,492.5,16.24,11.5,0.66275 0.66275 0.66275 RG,0 g,0.5
2,1,94.19,495.0,F2,7.0,81.81,492.5,18.27,11.5,0.66275 0.66275 0.66275 RG,0 g,0.5
2,1,111.44,495.0,F2,7.0,100.08,492.5,17.26,11.5,0.66275 0.66275 0.66275 RG,0 g,0.5
2,69,517.06,494.5,F1,7.5,507.1,492.5,20.3,11.5,0.66275 0.66275 0.66275 RG,0 g,0.01
2,24,537.36,494.5,F1,7.5,527.4,492.5,20.3,11.5,0.66275 0.66275 0.66275 RG,0 g,0.01
2,93,557.66,494.5,F1,7.5,547.7,492.5,20.3,11.5,0.66275 0.66275 0.66275 RG,0 g,0.01
2,4,36.5,483.75,F1,6.0,27.0,481.0,22.33,11.5,0.66275 0.66275 0.66275 RG,0 g,0.01
2,111,51.89,483.5,F2,7.0,49.33,481.0,16.24,11.5,0.66275 0.66275 0.66275 RG,0 g,0.5
2,42,72.03,483.5,F2,7.0,65.57,481.0,16.24,11.5,0.66275 0.66275 0.66275 RG,0 g,0.5
2,1,94.19,483.5,F2,7.0,81.81,481.0,18.27,11.5,0.66275 0.66275 0.66275 RG,0 g,0.5
2,1,111.44,483.5,F2,7.0,100.08,481.0,17.26,11.5,0.66275 0.66275 0.66275 RG,0 g,0.5
2,112,512.89,483.0,F1,7.5,507.1,481.0,20.3,11.5,0.66275 0.66275 0.66275 RG,0 g,0.01
2,43,537.36,483.0,F1,7.5,527.4,481.0,20.3,11.5,0.66275 0.66275 0.66275 RG,0 g,0.01
2,155,553.49,483.0,F1,7.5,547.7,481.0,20.3,11.5,0.66275 0.66275 0.66275 RG,0 g,0.01
2,5,36.5,472.25,F1,6.0,27.0,469.5,22.33,11.5,0.66275 0.66275 0.66275 RG,0 g,0.01
2,40,55.79,472.0,F2,7.0,49.33,469.5,16.24,11.5,0.66275 0.66275 0.66275 RG,0 g,0.5
2,13,72.03,472.0,F2,7.0,65.57,469.5,16.24,11.5,0.66275 0.66275 0.66275 RG,0 g,0.5
2,78,90.3,472.0,F2,7.0,81.81,469.5,18.27,11.5,0.66275 0.66275 0.66275 RG,0 g,0.5
2,20,107.55,472.0,F2,7.0,100.08,469.5,17.26,11.5,0.66275 0.66275 0.66275 RG,0 g,0.5
2,1,146.97,472.0,F2,7.0,135.61,469.5,17.26,11.5,0.66275 0.66275 0.66275 RG,0 g,0.5
2,118,512.89,471.5,F1,7.5,507.1,469.5,20.3,11.5,0.66275 0.66275 0.66275 RG,0 g,0.01
2,34,537.36,471.5,F1,7.5,527.4,469.5,20.3,11.5,0.66275 0.66275 0.66275 RG,0 g,0.01
2,152,553.49,471.5,F1,7.5,547.7,469.5,20.3,11.5,0.66275 0.66275 0.66275 RG,0 g,0.01
2,6,36.5,460.75,F1,6.0,27.0,458.0,22.33,11.5,0.66275 0.66275 0.66275 RG,0 g,0.01
2,5,59.68,460.5,F2,7.0,49.33,458.0,16.24,11.5,0.66275 0.66275 0.66275 RG,0 g,0.5
2,2,75.92,460.5,F2,7.0,65.57,458.0,16.24,11.5,0.66275 0.66275 0.66275 RG,0 g,0.5
2,31,90.3,460.5,F2,7.0,81.81,458.0,18.27,11.5,0.66275 0.66275 0.66275 RG,0 g,0.5
2,13,107.55,460.5,F2,7.0,100.08,458.0,17.26,11.5,0.66275 0.66275 0.66275 RG,0 g,0.5
2,72,125.82,460.5,F2,7.0,117.34,458.0,18.27,11.5,0.66275 0.66275 0.66275 RG,0 g,0.5
2,30,143.08,460.5,F2,7.0,135.61,458.0,17.26,11.5,0.66275 0.66275 0.66275 RG,0 g,0.5
2,1,218.02,460.5,F2,7.0,206.66,458.0,17.26,11.5,0.66275 0.66275 0.66275 RG,0 g,0.5
2,1,271.82,460.5,F2,7.0,259.44,458.0,18.27,11.5,0.66275 0.66275 0.66275 RG,0 g,0.5
2,109,512.89,460.0,F1,7.5,507.1,458.0,20.3,11.5,0.66275 0.66275 0.66275 RG,0 g,0.01
2,46,537.36,460.0,F1,7.5,527.4,458.0,20.3,11.5,0.66275 0.66275 0.66275 RG,0 g,0.01
2,155,553.49,460.0,F1,7.5,547.7,458.0,20.3,11.5,0.66275 0.66275 0.66275 RG,0 g,0.01
2,7,36.5,449.25,F1,6.0,27.0,446.5,22.33,11.5,0.66275 0.66275 0.66275 RG,0 g,0.01
2,1,94.19,449.0,F2,7.0,81.81,446.5,18.27,11.5,0.66275 0.66275 0.66275 RG,0 g,0.5
2,31,125.82,449.0,F2,7.0,117.34,446.5,18.27,11.5,0.66275 0.66275 0.66275 RG,0 g,0.5
2,5,146.97,449.0,F2,7.0,135.61,446.5,17.26,11.5,0.66275 0.66275 0.66275 RG,0 g,0.5
2,81,161.35,449.0,F2,7.0,152.86,446.5,18.27,11.5,0.66275 0.66275 0.66275 RG,0 g,0.5
2,25,178.6,449.0,F2,7.0,171.13,446.5,17.26,11.5,0.66275 0.66275 0.66275 RG,0 g,0.5
2,1,218.02,449.0,F2,7.0,206.66,446.5,17.26,11.5,0.66275 0.66275 0.66275 RG,0 g,0.5
2,113,512.89,448.5,F1,7.5,507.1,446.5,20.3,11.5,0.66275 0.66275 0.66275 RG,0 g,0.01
2,31,537.36,448.5,F1,7.5,527.4,446.5,20.3,11.5,0.66275 0.66275 0.66275 RG,0 g,0.01
2,144,553.49,448.5,F1,7.5,547.7,446.5,20.3,11.5,0.66275 0.66275 0.66275 RG,0 g,0.01
2,8,36.5,437.75,F1,6.0,27.0,435.0,22.33,11.5,0.66275 0.66275 0.66275 RG,0 g,0.01
2,2,129.71,437.5,F2,7.0,117.34,435.0,18.27,11.5,0.66275 0.66275 0.66275 RG,0 g,0.5
2,16,161.35,437.5,F2,7.0,152.86,435.0,18.27,11.5,0.66275 0.66275 0.66275 RG,0 g,0.5
2,3,182.49,437.5,F2,7.0,171.13,435.0,17.26,11.5,0.66275 0.66275 0.66275 RG,0 g,0.5
2,97,196.87,437.5,F2,7.0,188.39,435.0,18.27,11.5,0.66275 0.66275 0.66275 RG,0 g,0.5
2,21,214.13,437.5,F2,7.0,206.66,435.0,17.26,11.5,0.66275 0.66275 0.66275 RG,0 g,0.5
2,1,253.55,437.5,F2,7.0,242.18,435.0,17.26,11.5,0.66275 0.66275 0.66275 RG,0 g,0.5
2,115,512.89,437.0,F1,7.5,507.1,435.0,20.3,11.5,0.66275 0.66275 0.66275 RG,0 g,0.01
2,25,537.36,437.0,F1,7.5,527.4,435.0,20.3,11.5,0.66275 0.66275 0.66275 RG,0 g,0.01
2,140,553.49,437.0,F1,7.5,547.7,435.0,20.3,11.5,0.66275 0.66275 0.66275 RG,0 g,0.01
2,9,36.5,426.25,F1,6.0,27.0,423.5,22.33,11.5,0.66275 0.66275 0.66275 RG,0 g,0.01
2,2,165.24,426.0,F2,7.0,152.86,423.5,18.27,11.5,0.66275 0.66275 0.66275 RG,0 g,0.5
2,1,182.49,426.0,F2,7.0,171.13,423.5,17.26,11.5,0.66275 0.66275 0.66275 RG,0 g,0.5
2,37,196.87,426.0,F2,7.0,188.39,423.5,18.27,11.5,0.66275 0.66275 0.66275 RG,0 g,0.5
2,7,218.02,426.0,F2,7.0,206.66,423.5,17.26,11.5,0.66275 0.66275 0.66275 RG,0 g,0.5
2,100,228.51,426.0,F2,7.0,223.91,423.5,18.27,11.5,0.66275 0.66275 0.66275 RG,0 g,0.5
2,24,249.65,426.0,F2,7.0,242.18,423.5,17.26,11.5,0.66275 0.66275 0.66275 RG,0 g,0.5
2,3,271.82,426.0,F2,7.0,259.44,423.5,18.27,11.5,0.66275 0.66275 0.66275 RG,0 g,0.5
2,3,289.07,426.0,F2,7.0,277.71,423.5,17.26,11.5,0.66275 0.66275 0.66275 RG,0 g,0.5
2,142,512.89,425.5,F1,7.5,507.1,423.5,20.3,11.5,0.66275 0.66275 0.66275 RG,0 g,0.01
2,35,537.36,425.5,F1,7.5,527.4,423.5,20.3,11.5,0.66275 0.66275 0.66275 RG,0 g,0.01
2,177,553.49,425.5,F1,7.5,547.7,423.5,20.3,11.5,0.66275 0.66275 0.66275 RG,0 g,0.01
2,10,34.83,414.75,F1,6.0,27.0,412.0,22.33,11.5,0.66275 0.66275 0.66275 RG,0 g,0.01
2,1,200.76,414.5,F2,7.0,188.39,412.0,18.27,11.5,0.66275 0.66275 0.66275 RG,0 g,0.5
2,21,232.4,414.5,F2,7.0,223.91,412.0,18.27,11.5,0.66275 0.66275 0.66275 RG,0 g,0.5
2,4,253.55,414.5,F2,7.0,242.18,412.0,17.26,11.5,0.66275 0.66275 0.66275 RG,0 g,0.5
2,87,267.92,414.5,F2,7.0,259.44,412.0,18.27,11.5,0.66275 0.66275 0.66275 RG,0 g,0.5
2,24,285.18,414.5,F2,7.0,277.71,412.0,17.26,11.5,0.66275 0.66275 0.66275 RG,0 g,0.5
2,1,307.34,414.5,F2,7.0,294.96,412.0,18.27,11.5,0.66275 0.66275 0.66275 RG,0 g,0.5
2,1,324.6,414.5,F2,7.0,313.23,412.0,17.26,11.5,0.66275 0.66275 0.66275 RG,0 g,0.5
2,110,512.89,414.0,F1,7.5,507.1,412.0,20.3,11.5,0.66275 0.66275 0.66275 RG,0 g,0.01
2,29,537.36,414.0,F1,7.5,527.4,412.0,20.3,11.5,0.66275 0.66275 0.66275 RG,0 g,0.01
2,139,553.49,414.0,F1,7.5,547.7,412.0,20.3,11.5,0.66275 0.66275 0.66275 RG,0 g,0.01
2,11,34.83,403.25,F1,6.0,27.0,400.5,22.33,11.5,0.66275 0.66275 0.66275 RG,0 g,0.01
2,38,267.92,403.0,F2,7.0,259.44,400.5,18.27,11.5,0.66275 0.66275 0.66275 RG,0 g,0.5
2,5,289.07,403.0,F2,7.0,277.71,400.5,17.26,11.5,0.66275 0.66275 0.66275 RG,0 g,0.5
2,94,303.45,403.0,F2,7.0,294.96,400.5,18.27,11.5,0.66275 0.66275 0.66275 RG,0 g,0.5
2,14,320.7,403.0,F2,7.0,313.23,400.5,17.26,11.5,0.66275 0.66275 0.66275 RG,0 g,0.5
2,2,342.87,403.0,F2,7.0,330.49,400.5,18.27,11.5,0.66275 0.66275 0.66275 RG,0 g,0.5
2,1,360.12,403.0,F2,7.0,348.76,400.5,17.26,11.5,0.66275 0.66275 0.66275 RG,0 g,0.5
2,134,512.89,402.5,F1,7.5,507.1,400.5,20.3,11.5,0.66275 0.66275 0.66275 RG,0 g,0.01
2,20,537.36,402.5,F1,7.5,527.4,400.5,20.3,11.5,0.66275 0.66275 0.66275 RG,0 g,0.01
2,154,553.49,402.5,F1,7.5,547.7,400.5,20.3,11.5,0.66275 0.66275 0.66275 RG,0 g,0.01
2,12,34.83,391.75,F1,6.0,27.0,389.0,22.33,11.5,0.66275 0.66275 0.66275 RG,0 g,0.01
2,1,236.29,391.5,F2,7.0,223.91,389.0,18.27,11.5,0.66275 0.66275 0.66275 RG,0 g,0.5
2,1,289.07,391.5,F2,7.0,277.71,389.0,17.26,11.5,0.66275 0.66275 0.66275 RG,0 g,0.5
2,30,303.45,391.5,F2,7.0,294.96,389.0,18.27,11.5,0.66275 0.66275 0.66275 RG,0 g,0.5
2,1,324.6,391.5,F2,7.0,313.23,389.0,17.26,11.5,0.66275 0.66275 0.66275 RG,0 g,0.5
2,111,335.08,391.5,F2,7.0,330.49,389.0,18.27,11.5,0.66275 0.66275 0.66275 RG,0 g,0.5
2,16,356.23,391.5,F2,7.0,348.76,389.0,17.26,11.5,0.66275 0.66275 0.66275 RG,0 g,0.5
2,2,378.39,391.5,F2,7.0,366.01,389.0,18.27,11.5,0.66275 0.66275 0.66275 RG,0 g,0.5
2,1,395.65,391.5,F2,7.0,384.28,389.0,17.26,11.5,0.66275 0.66275 0.66275 RG,0 g,0.5
2,144,512.89,391.0,F1,7.5,507.1,389.0,20.3,11.5,0.66275 0.66275 0.66275 RG,0 g,0.01
2,19,537.36,391.0,F1,7.5,527.4,389.0,20.3,11.5,0.66275 0.66275 0.66275 RG,0 g,0.01
2,163,553.49,391.0,F1,7.5,547.7,389.0,20.3,11.5,0.66275 0.66275 0.66275 RG,0 g,0.01
2,13,34.83,380.25,F1,6.0,27.0,377.5,22.33,11.5,0.66275 0.66275 0.66275 RG,0 g,0.01
2,1,307.34,380.0,F2,7.0,294.96,377.5,18.27,11.5,0.66275 0.66275 0.66275 RG,0 g,0.5
2,34,338.97,380.0,F2,7.0,330.49,377.5,18.27,11.5,0.66275 0.66275 0.66275 RG,0 g,0.5
2,3,360.12,380.0,F2,7.0,348.76,377.5,17.26,11.5,0.66275 0.66275 0.66275 RG,0 g,0.5
2,122,370.61,380.0,F2,7.0,366.01,377.5,18.27,11.5,0.66275 0.66275 0.66275 RG,0 g,0.5
2,7,395.65,380.0,F2,7.0,384.28,377.5,17.26,11.5,0.66275 0.66275 0.66275 RG,0 g,0.5
2,3,413.92,380.0,F2,7.0,401.54,377.5,18.27,11.5,0.66275 0.66275 0.66275 RG,0 g,0.5
2,1,431.17,380.0,F2,7.0,419.81,377.5,17.26,11.5,0.66275 0.66275 0.66275 RG,0 g,0.5
2,160,512.89,379.5,F1,7.5,507.1,377.5,20.3,11.5,0.66275 0.66275 0.66275 RG,0 g,0.01
2,11,537.36,379.5,F1,7.5,527.4,377.5,20.3,11.5,0.66275 0.66275 0.66275 RG,0 g,0.01
2,171,553.49,379.5,F1,7.5,547.7,377.5,20.3,11.5,0.66275 0.66275 0.66275 RG,0 g,0.01
2,14,34.83,368.75,F1,6.0,27.0,366.0,22.33,11.5,0.66275 0.66275 0.66275 RG,0 g,0.01
2,1,342.87,368.5,F2,7.0,330.49,366.0,18.27,11.5,0.66275 0.66275 0.66275 RG,0 g,0.5
2,34,374.5,368.5,F2,7.0,366.01,366.0,18.27,11.5,0.66275 0.66275 0.66275 RG,0 g,0.5
2,1,395.65,368.5,F2,7.0,384.28,366.0,17.26,11.5,0.66275 0.66275 0.66275 RG,0 g,0.5
2,121,406.13,368.5,F2,7.0,401.54,366.0,18.27,11.5,0.66275 0.66275 0.66275 RG,0 g,0.5
2,7,431.17,368.5,F2,7.0,419.81,366.0,17.26,11.5,0.66275 0.66275 0.66275 RG,0 g,0.5
2,4,449.44,368.5,F2,7.0,437.06,366.0,18.27,11.5,0.66275 0.66275 0.66275 RG,0 g,0.5
2,1,466.7,368.5,F2,7.0,455.33,366.0,17.26,11.5,0.66275 0.66275 0.66275 RG,0 g,0.5
2,160,512.89,368.0,F1,7.5,507.1,366.0,20.3,11.5,0.66275 0.66275 0.66275 RG,0 g,0.01
2,9,541.53,368.0,F1,7.5,527.4,366.0,20.3,11.5,0.66275 0.66275 0.66275 RG,0 g,0.01
2,169,553.49,368.0,F1,7.5,547.7,366.0,20.3,11.5,0.66275 0.66275 0.66275 RG,0 g,0.01
2,15,34.27,356.75,F1,7.0,27.0,354.5,22.33,11.5,0.66275 0.66275 0.66275 RG,0 g,0.01
2,1,378.39,357.0,F2,7.0,366.01,354.5,18.27,11.5,0.66275 0.66275 0.66275 RG,0 g,0.5
2,1,395.65,357.0,F2,7.0,384.28,354.5,17.26,11.5,0.66275 0.66275 0.66275 RG,0 g,0.5
2,18,410.02,357.0,F2,7.0,401.54,354.5,18.27,11.5,0.66275 0.66275 0.66275 RG,0 g,0.5
2,1,431.17,357.0,F2,7.0,419.81,354.5,17.26,11.5,0.66275 0.66275 0.66275 RG,0 g,0.5
2,96,445.55,357.0,F2,7.0,437.06,354.5,18.27,11.5,0.66275 0.66275 0.66275 RG,0 g,0.5
2,15,462.81,357.0,F2,7.0,455.33,354.5,17.26,11.5,0.66275 0.66275 0.66275 RG,0 g,0.5
2,2,483.95,357.0,F2,7.0,472.59,354.5,17.26,11.5,0.66275 0.66275 0.66275 RG,0 g,0.5
2,117,512.89,356.5,F1,7.5,507.1,354.5,20.3,11.5,0.66275 0.66275 0.66275 RG,0 g,0.01
2,17,537.36,356.5,F1,7.5,527.4,354.5,20.3,11.5,0.66275 0.66275 0.66275 RG,0 g,0.01
2,134,553.49,356.5,F1,7.5,547.7,354.5,20.3,11.5,0.66275 0.66275 0.66275 RG,0 g,0.01
2,16,34.83,345.75,F1,6.0,27.0,343.0,22.33,11.5,0.66275 0.66275 0.66275 RG,0 g,0.01
2,29,445.55,345.5,F2,7.0,437.06,343.0,18.27,11.5,0.66275 0.66275 0.66275 RG,0 g,0.5
2,4,466.7,345.5,F2,7.0,455.33,343.0,17.26,11.5,0.66275 0.66275 0.66275 RG,0 g,0.5
2,110,476.17,345.5,F2,7.0,472.59,343.0,17.26,11.5,0.66275 0.66275 0.66275 RG,0 g,0.5
2,2,501.21,345.5,F2,7.0,489.84,343.0,17.26,11.5,0.66275 0.66275 0.66275 RG,0 g,0.5
2,139,512.89,345.0,F1,7.5,507.1,343.0,20.3,11.5,0.66275 0.66275 0.66275 RG,0 g,0.01
2,6,541.53,345.0,F1,7.5,527.4,343.0,20.3,11.5,0.66275 0.66275 0.66275 RG,0 g,0.01
2,145,553.49,345.0,F1,7.5,547.7,343.0,20.3,11.5,0.66275 0.66275 0.66275 RG,0 g,0.01
2,17,34.83,334.25,F1,6.0,27.0,331.5,22.33,11.5,0.66275 0.66275 0.66275 RG,0 g,0.01
2,27,480.06,334.0,F2,7.0,472.59,331.5,17.26,11.5,0.66275 0.66275 0.66275 RG,0 g,0.5
2,27,517.06,333.5,F1,7.5,507.1,331.5,20.3,11.5,0.66275 0.66275 0.66275 RG,0 g,0.01
2,27,557.66,333.5,F1,7.5,547.7,331.5,20.3,11.5,0.66275 0.66275 0.66275 RG,0 g,0.01
2,18,34.83,323.5,F1,6.0,27.0,321.5,22.33,10.0,0.66275 0.66275 0.66275 RG,0 g,0.01
2,19,34.83,313.5,F1,6.0,27.0,311.5,22.33,10.0,0.66275 0.66275 0.66275 RG,0 g,0.01
2,20,34.83,303.5,F1,6.0,27.0,301.5,22.33,10.0,0.66275 0.66275 0.66275 RG,0 g,0.01
2,21,34.83,293.5,F1,6.0,27.0,291.5,22.33,10.0,0.66275 0.66275 0.66275 RG,0 g,0.01
2,>=22,31.33,283.5,F1,6.0,27.0,281.5,22.33,10.0,0.66275 0.66275 0.66275 RG,0 g,0.01
2,Total,31.0,273.0,F1,6.0,27.0,270.5,22.33,11.0,0.66275 0.66275 0.66275 RG,0 g,0.01
2,68,53.56,272.5,F1,7.0,49.33,270.5,16.24,11.0,0.66275 0.66275 0.66275 RG,0 g,0.5
2,23,69.8,272.5,F1,7.0,65.57,270.5,16.24,11.0,0.66275 0.66275 0.66275 RG,0 g,0.5
2,112,85.11,272.5,F1,7.0,81.81,270.5,18.27,11.0,0.66275 0.66275 0.66275 RG,0 g,0.5
2,35,104.82,272.5,F1,7.0,100.08,270.5,17.26,11.0,0.66275 0.66275 0.66275 RG,0 g,0.5
2,105,120.63,272.5,F1,7.0,117.34,270.5,18.27,11.0,0.66275 0.66275 0.66275 RG,0 g,0.5
2,36,140.34,272.5,F1,7.0,135.61,270.5,17.26,11.0,0.66275 0.66275 0.66275 RG,0 g,0.5
2,99,158.1,272.5,F1,7.0,152.86,270.5,18.27,11.0,0.66275 0.66275 0.66275 RG,0 g,0.5
2,29,175.87,272.5,F1,7.0,171.13,270.5,17.26,11.0,0.66275 0.66275 0.66275 RG,0 g,0.5
2,135,191.68,272.5,F1,7.0,188.39,270.5,18.27,11.0,0.66275 0.66275 0.66275 RG,0 g,0.5
2,30,211.39,272.5,F1,7.0,206.66,270.5,17.26,11.0,0.66275 0.66275 0.66275 RG,0 g,0.5
2,122,227.21,272.5,F1,7.0,223.91,270.5,18.27,11.0,0.66275 0.66275 0.66275 RG,0 g,0.5
2,29,246.92,272.5,F1,7.0,242.18,270.5,17.26,11.0,0.66275 0.66275 0.66275 RG,0 g,0.5
2,129,262.73,272.5,F1,7.0,259.44,270.5,18.27,11.0,0.66275 0.66275 0.66275 RG,0 g,0.5
2,33,282.44,272.5,F1,7.0,277.71,270.5,17.26,11.0,0.66275 0.66275 0.66275 RG,0 g,0.5
2,126,298.26,272.5,F1,7.0,294.96,270.5,18.27,11.0,0.66275 0.66275 0.66275 RG,0 g,0.5
2,16,317.97,272.5,F1,7.0,313.23,270.5,17.26,11.0,0.66275 0.66275 0.66275 RG,0 g,0.5
2,148,333.78,272.5,F1,7.0,330.49,270.5,18.27,11.0,0.66275 0.66275 0.66275 RG,0 g,0.5
2,20,353.49,272.5,F1,7.0,348.76,270.5,17.26,11.0,0.66275 0.66275 0.66275 RG,0 g,0.5
2,159,369.31,272.5,F1,7.0,366.01,270.5,18.27,11.0,0.66275 0.66275 0.66275 RG,0 g,0.5
2,10,389.02,272.5,F1,7.0,384.28,270.5,17.26,11.0,0.66275 0.66275 0.66275 RG,0 g,0.5
2,142,404.84,272.5,F1,7.0,401.54,270.5,18.27,11.0,0.66275 0.66275 0.66275 RG,0 g,0.5
2,9,426.49,272.5,F1,7.0,419.81,270.5,17.26,11.0,0.66275 0.66275 0.66275 RG,0 g,0.5
2,129,440.36,272.5,F1,7.0,437.06,270.5,18.27,11.0,0.66275 0.66275 0.66275 RG,0 g,0.5
2,20,460.07,272.5,F1,7.0,455.33,270.5,17.26,11.0,0.66275 0.66275 0.66275 RG,0 g,0.5
2,139,475.38,272.5,F1,7.0,472.59,270.5,17.26,11.0,0.66275 0.66275 0.66275 RG,0 g,0.5
2,2,496.53,272.5,F1,7.0,489.84,270.5,17.26,11.0,0.66275 0.66275 0.66275 RG,0 g,0.5
2,1769,509.47,272.5,F1,7.0,507.1,270.5,20.3,11.0,0.66275 0.66275 0.66275 RG,0 g,0.5
2,349,531.71,272.5,F1,7.0,527.4,270.5,20.3,11.0,0.66275 0.66275 0.66275 RG,0 g,0.5
2,2118,550.07,272.5,F1,7.0,547.7,270.5,20.3,11.0,0.66275 0.66275 0.66275 RG,0 g,0.5
2,Disclaimer,274.74,253.5,F1,9.0,,,,,,,
2," Though all the efforts have been made to ensure the accuracy and currency of the content on this website \(https://udiseplus.gov.in/ \) the same should not be construed as a statement of law or used for any legal purposes. In case of any ambiguity or doubts, users are advised to verify/check with the appropriate Government Functionary/Authority and/or other source\(s\) and to obtain appropriate professional advice. As per Section 79 of the Information Technology Act 2000\(as amended Act 2008\),This Report is based on voluntary uploading of data by the schools having active UDISE+ codes in a reference year, with 30th September as the reference date, using specially designed data collection formats \(DCF\).The UDISE+ code of a school is allotted by the State/UT  Government where the school is located. The responsibility for the accuracy of the data filled in the DCFs rests with the concerned Nodal Officers,namely Principal/ Vice-Principal/ Head Master/ Head Teacher/ Senior most teacher at the school level, Cluster Resource Officer at the cluster level, Block Education Officer for the  block level District Education Officer at the district level and State MIS coordinator at the Samagra Siksha SPD Office at the State level. The Ministry of Education, therefore, assumes no responsibility or liability for any errors or omissions in the data and indicators reported in the document.Inclusion of name of a school in any of the lists in the portal https://udiseplus.gov.in or any of the reports generated in the portal does not confer the status of recognition to the school by the Ministry of Education, Govt. of India.",27.0,225.5,F2,7.0,25.0,97.5,545.0,144.0,0.66275 0.66275 0.66275 RG,0 g,0.5
2,Page 2,50.0,20.0,F2,9.0,,,,,,,
2,Academic Year : 2022-23,450.0,820.0,F1,9.0,,,,,,,
2,Generated On : 28 December 2024 06:57:07 AM\( https://src.udiseplus.gov.in\),20.0,20.0,F1,8.0,,,,,,,
